date_id,full_date,day,month,month_name,quarter,year
1,2022-01-01,1,1,January,1,2022
2,2022-01-02,2,1,January,1,2022
3,2022-01-03,3,1,January,1,2022
4,2022-01-04,4,1,January,1,2022
5,2022-01-05,5,1,January,1,2022
6,2022-01-06,6,1,January,1,2022
7,2022-01-07,7,1,January,1,2022
8,2022-01-08,8,1,January,1,2022
9,2022-01-09,9,1,January,1,2022
10,2022-01-10,10,1,January,1,2022
11,2022-01-11,11,1,January,1,2022
12,2022-01-12,12,1,January,1,2022
13,2022-01-13,13,1,January,1,2022
14,2022-01-14,14,1,January,1,2022
15,2022-01-15,15,1,January,1,2022
16,2022-01-16,16,1,January,1,2022
17,2022-01-17,17,1,January,1,2022
18,2022-01-18,18,1,January,1,2022
19,2022-01-19,19,1,January,1,2022
20,2022-01-21,21,1,January,1,2022
21,2022-01-22,22,1,January,1,2022
22,2022-01-23,23,1,January,1,2022
23,2022-01-24,24,1,January,1,2022
24,2022-01-25,25,1,January,1,2022
25,2022-01-26,26,1,January,1,2022
26,2022-01-27,27,1,January,1,2022
27,2022-01-28,28,1,January,1,2022
28,2022-01-29,29,1,January,1,2022
29,2022-01-30,30,1,January,1,2022
30,2022-01-31,31,1,January,1,2022
31,2022-02-01,1,2,February,1,2022
32,2022-02-02,2,2,February,1,2022
33,2022-02-03,3,2,February,1,2022
34,2022-02-04,4,2,February,1,2022
35,2022-02-05,5,2,February,1,2022
36,2022-02-06,6,2,February,1,2022
37,2022-02-07,7,2,February,1,2022
38,2022-02-08,8,2,February,1,2022
39,2022-02-09,9,2,February,1,2022
40,2022-02-10,10,2,February,1,2022
41,2022-02-11,11,2,February,1,2022
42,2022-02-12,12,2,February,1,2022
43,2022-02-13,13,2,February,1,2022
44,2022-02-14,14,2,February,1,2022
45,2022-02-15,15,2,February,1,2022
46,2022-02-16,16,2,February,1,2022
47,2022-02-17,17,2,February,1,2022
48,2022-02-18,18,2,February,1,2022
49,2022-02-19,19,2,February,1,2022
50,2022-02-20,20,2,February,1,2022
51,2022-02-21,21,2,February,1,2022
52,2022-02-22,22,2,February,1,2022
53,2022-02-23,23,2,February,1,2022
54,2022-02-24,24,2,February,1,2022
55,2022-02-25,25,2,February,1,2022
56,2022-02-26,26,2,February,1,2022
57,2022-02-27,27,2,February,1,2022
58,2022-02-28,28,2,February,1,2022
59,2022-03-01,1,3,March,1,2022
60,2022-03-02,2,3,March,1,2022
61,2022-03-03,3,3,March,1,2022
62,2022-03-04,4,3,March,1,2022
63,2022-03-05,5,3,March,1,2022
64,2022-03-06,6,3,March,1,2022
65,2022-03-07,7,3,March,1,2022
66,2022-03-08,8,3,March,1,2022
67,2022-03-09,9,3,March,1,2022
68,2022-03-10,10,3,March,1,2022
69,2022-03-11,11,3,March,1,2022
70,2022-03-12,12,3,March,1,2022
71,2022-03-13,13,3,March,1,2022
72,2022-03-14,14,3,March,1,2022
73,2022-03-15,15,3,March,1,2022
74,2022-03-16,16,3,March,1,2022
75,2022-03-17,17,3,March,1,2022
76,2022-03-18,18,3,March,1,2022
77,2022-03-19,19,3,March,1,2022
78,2022-03-20,20,3,March,1,2022
79,2022-03-21,21,3,March,1,2022
80,2022-03-22,22,3,March,1,2022
81,2022-03-23,23,3,March,1,2022
82,2022-03-24,24,3,March,1,2022
83,2022-03-25,25,3,March,1,2022
84,2022-03-26,26,3,March,1,2022
85,2022-03-27,27,3,March,1,2022
86,2022-03-28,28,3,March,1,2022
87,2022-03-29,29,3,March,1,2022
88,2022-03-30,30,3,March,1,2022
89,2022-03-31,31,3,March,1,2022
90,2022-04-01,1,4,April,2,2022
91,2022-04-02,2,4,April,2,2022
92,2022-04-03,3,4,April,2,2022
93,2022-04-04,4,4,April,2,2022
94,2022-04-05,5,4,April,2,2022
95,2022-04-06,6,4,April,2,2022
96,2022-04-07,7,4,April,2,2022
97,2022-04-08,8,4,April,2,2022
98,2022-04-09,9,4,April,2,2022
99,2022-04-10,10,4,April,2,2022
100,2022-04-11,11,4,April,2,2022
101,2022-04-12,12,4,April,2,2022
102,2022-04-13,13,4,April,2,2022
103,2022-04-14,14,4,April,2,2022
104,2022-04-15,15,4,April,2,2022
105,2022-04-16,16,4,April,2,2022
106,2022-04-17,17,4,April,2,2022
107,2022-04-18,18,4,April,2,2022
108,2022-04-19,19,4,April,2,2022
109,2022-04-20,20,4,April,2,2022
110,2022-04-21,21,4,April,2,2022
111,2022-04-22,22,4,April,2,2022
112,2022-04-23,23,4,April,2,2022
113,2022-04-24,24,4,April,2,2022
114,2022-04-25,25,4,April,2,2022
115,2022-04-26,26,4,April,2,2022
116,2022-04-27,27,4,April,2,2022
117,2022-04-28,28,4,April,2,2022
118,2022-04-29,29,4,April,2,2022
119,2022-04-30,30,4,April,2,2022
120,2022-05-01,1,5,May,2,2022
121,2022-05-02,2,5,May,2,2022
122,2022-05-03,3,5,May,2,2022
123,2022-05-04,4,5,May,2,2022
124,2022-05-05,5,5,May,2,2022
125,2022-05-06,6,5,May,2,2022
126,2022-05-07,7,5,May,2,2022
127,2022-05-08,8,5,May,2,2022
128,2022-05-09,9,5,May,2,2022
129,2022-05-10,10,5,May,2,2022
130,2022-05-11,11,5,May,2,2022
131,2022-05-12,12,5,May,2,2022
132,2022-05-13,13,5,May,2,2022
133,2022-05-14,14,5,May,2,2022
134,2022-05-15,15,5,May,2,2022
135,2022-05-16,16,5,May,2,2022
136,2022-05-17,17,5,May,2,2022
137,2022-05-18,18,5,May,2,2022
138,2022-05-19,19,5,May,2,2022
139,2022-05-20,20,5,May,2,2022
140,2022-05-21,21,5,May,2,2022
141,2022-05-22,22,5,May,2,2022
142,2022-05-23,23,5,May,2,2022
143,2022-05-24,24,5,May,2,2022
144,2022-05-25,25,5,May,2,2022
145,2022-05-26,26,5,May,2,2022
146,2022-05-27,27,5,May,2,2022
147,2022-05-28,28,5,May,2,2022
148,2022-05-29,29,5,May,2,2022
149,2022-05-30,30,5,May,2,2022
150,2022-05-31,31,5,May,2,2022
151,2022-06-01,1,6,June,2,2022
152,2022-06-02,2,6,June,2,2022
153,2022-06-03,3,6,June,2,2022
154,2022-06-04,4,6,June,2,2022
155,2022-06-05,5,6,June,2,2022
156,2022-06-06,6,6,June,2,2022
157,2022-06-07,7,6,June,2,2022
158,2022-06-08,8,6,June,2,2022
159,2022-06-09,9,6,June,2,2022
160,2022-06-10,10,6,June,2,2022
161,2022-06-11,11,6,June,2,2022
162,2022-06-12,12,6,June,2,2022
163,2022-06-13,13,6,June,2,2022
164,2022-06-14,14,6,June,2,2022
165,2022-06-15,15,6,June,2,2022
166,2022-06-16,16,6,June,2,2022
167,2022-06-17,17,6,June,2,2022
168,2022-06-18,18,6,June,2,2022
169,2022-06-19,19,6,June,2,2022
170,2022-06-20,20,6,June,2,2022
171,2022-06-21,21,6,June,2,2022
172,2022-06-22,22,6,June,2,2022
173,2022-06-23,23,6,June,2,2022
174,2022-06-24,24,6,June,2,2022
175,2022-06-25,25,6,June,2,2022
176,2022-06-26,26,6,June,2,2022
177,2022-06-27,27,6,June,2,2022
178,2022-06-28,28,6,June,2,2022
179,2022-06-29,29,6,June,2,2022
180,2022-06-30,30,6,June,2,2022
181,2022-07-01,1,7,July,3,2022
182,2022-07-02,2,7,July,3,2022
183,2022-07-03,3,7,July,3,2022
184,2022-07-04,4,7,July,3,2022
185,2022-07-05,5,7,July,3,2022
186,2022-07-06,6,7,July,3,2022
187,2022-07-07,7,7,July,3,2022
188,2022-07-08,8,7,July,3,2022
189,2022-07-09,9,7,July,3,2022
190,2022-07-10,10,7,July,3,2022
191,2022-07-11,11,7,July,3,2022
192,2022-07-12,12,7,July,3,2022
193,2022-07-13,13,7,July,3,2022
194,2022-07-14,14,7,July,3,2022
195,2022-07-15,15,7,July,3,2022
196,2022-07-16,16,7,July,3,2022
197,2022-07-17,17,7,July,3,2022
198,2022-07-18,18,7,July,3,2022
199,2022-07-19,19,7,July,3,2022
200,2022-07-20,20,7,July,3,2022
201,2022-07-21,21,7,July,3,2022
202,2022-07-22,22,7,July,3,2022
203,2022-07-23,23,7,July,3,2022
204,2022-07-24,24,7,July,3,2022
205,2022-07-25,25,7,July,3,2022
206,2022-07-26,26,7,July,3,2022
207,2022-07-27,27,7,July,3,2022
208,2022-07-28,28,7,July,3,2022
209,2022-07-29,29,7,July,3,2022
210,2022-07-30,30,7,July,3,2022
211,2022-07-31,31,7,July,3,2022
212,2022-08-01,1,8,August,3,2022
213,2022-08-02,2,8,August,3,2022
214,2022-08-03,3,8,August,3,2022
215,2022-08-05,5,8,August,3,2022
216,2022-08-06,6,8,August,3,2022
217,2022-08-07,7,8,August,3,2022
218,2022-08-08,8,8,August,3,2022
219,2022-08-09,9,8,August,3,2022
220,2022-08-10,10,8,August,3,2022
221,2022-08-11,11,8,August,3,2022
222,2022-08-12,12,8,August,3,2022
223,2022-08-13,13,8,August,3,2022
224,2022-08-14,14,8,August,3,2022
225,2022-08-15,15,8,August,3,2022
226,2022-08-16,16,8,August,3,2022
227,2022-08-17,17,8,August,3,2022
228,2022-08-18,18,8,August,3,2022
229,2022-08-19,19,8,August,3,2022
230,2022-08-20,20,8,August,3,2022
231,2022-08-21,21,8,August,3,2022
232,2022-08-22,22,8,August,3,2022
233,2022-08-23,23,8,August,3,2022
234,2022-08-24,24,8,August,3,2022
235,2022-08-25,25,8,August,3,2022
236,2022-08-26,26,8,August,3,2022
237,2022-08-27,27,8,August,3,2022
238,2022-08-28,28,8,August,3,2022
239,2022-08-29,29,8,August,3,2022
240,2022-08-30,30,8,August,3,2022
241,2022-08-31,31,8,August,3,2022
242,2022-09-01,1,9,September,3,2022
243,2022-09-02,2,9,September,3,2022
244,2022-09-03,3,9,September,3,2022
245,2022-09-04,4,9,September,3,2022
246,2022-09-05,5,9,September,3,2022
247,2022-09-06,6,9,September,3,2022
248,2022-09-07,7,9,September,3,2022
249,2022-09-08,8,9,September,3,2022
250,2022-09-09,9,9,September,3,2022
251,2022-09-10,10,9,September,3,2022
252,2022-09-11,11,9,September,3,2022
253,2022-09-12,12,9,September,3,2022
254,2022-09-13,13,9,September,3,2022
255,2022-09-14,14,9,September,3,2022
256,2022-09-15,15,9,September,3,2022
257,2022-09-16,16,9,September,3,2022
258,2022-09-17,17,9,September,3,2022
259,2022-09-18,18,9,September,3,2022
260,2022-09-19,19,9,September,3,2022
261,2022-09-20,20,9,September,3,2022
262,2022-09-21,21,9,September,3,2022
263,2022-09-22,22,9,September,3,2022
264,2022-09-23,23,9,September,3,2022
265,2022-09-24,24,9,September,3,2022
266,2022-09-25,25,9,September,3,2022
267,2022-09-26,26,9,September,3,2022
268,2022-09-27,27,9,September,3,2022
269,2022-09-28,28,9,September,3,2022
270,2022-09-29,29,9,September,3,2022
271,2022-09-30,30,9,September,3,2022
272,2022-10-01,1,10,October,4,2022
273,2022-10-02,2,10,October,4,2022
274,2022-10-03,3,10,October,4,2022
275,2022-10-04,4,10,October,4,2022
276,2022-10-05,5,10,October,4,2022
277,2022-10-06,6,10,October,4,2022
278,2022-10-07,7,10,October,4,2022
279,2022-10-08,8,10,October,4,2022
280,2022-10-09,9,10,October,4,2022
281,2022-10-10,10,10,October,4,2022
282,2022-10-11,11,10,October,4,2022
283,2022-10-12,12,10,October,4,2022
284,2022-10-13,13,10,October,4,2022
285,2022-10-14,14,10,October,4,2022
286,2022-10-15,15,10,October,4,2022
287,2022-10-16,16,10,October,4,2022
288,2022-10-17,17,10,October,4,2022
289,2022-10-18,18,10,October,4,2022
290,2022-10-19,19,10,October,4,2022
291,2022-10-20,20,10,October,4,2022
292,2022-10-21,21,10,October,4,2022
293,2022-10-22,22,10,October,4,2022
294,2022-10-23,23,10,October,4,2022
295,2022-10-24,24,10,October,4,2022
296,2022-10-25,25,10,October,4,2022
297,2022-10-26,26,10,October,4,2022
298,2022-10-27,27,10,October,4,2022
299,2022-10-28,28,10,October,4,2022
300,2022-10-29,29,10,October,4,2022
301,2022-10-30,30,10,October,4,2022
302,2022-10-31,31,10,October,4,2022
303,2022-11-01,1,11,November,4,2022
304,2022-11-02,2,11,November,4,2022
305,2022-11-03,3,11,November,4,2022
306,2022-11-04,4,11,November,4,2022
307,2022-11-05,5,11,November,4,2022
308,2022-11-06,6,11,November,4,2022
309,2022-11-07,7,11,November,4,2022
310,2022-11-08,8,11,November,4,2022
311,2022-11-09,9,11,November,4,2022
312,2022-11-10,10,11,November,4,2022
313,2022-11-11,11,11,November,4,2022
314,2022-11-12,12,11,November,4,2022
315,2022-11-13,13,11,November,4,2022
316,2022-11-14,14,11,November,4,2022
317,2022-11-15,15,11,November,4,2022
318,2022-11-16,16,11,November,4,2022
319,2022-11-17,17,11,November,4,2022
320,2022-11-18,18,11,November,4,2022
321,2022-11-19,19,11,November,4,2022
322,2022-11-20,20,11,November,4,2022
323,2022-11-21,21,11,November,4,2022
324,2022-11-22,22,11,November,4,2022
325,2022-11-23,23,11,November,4,2022
326,2022-11-24,24,11,November,4,2022
327,2022-11-25,25,11,November,4,2022
328,2022-11-26,26,11,November,4,2022
329,2022-11-27,27,11,November,4,2022
330,2022-11-28,28,11,November,4,2022
331,2022-11-29,29,11,November,4,2022
332,2022-11-30,30,11,November,4,2022
333,2022-12-01,1,12,December,4,2022
334,2022-12-02,2,12,December,4,2022
335,2022-12-03,3,12,December,4,2022
336,2022-12-04,4,12,December,4,2022
337,2022-12-05,5,12,December,4,2022
338,2022-12-06,6,12,December,4,2022
339,2022-12-07,7,12,December,4,2022
340,2022-12-08,8,12,December,4,2022
341,2022-12-09,9,12,December,4,2022
342,2022-12-10,10,12,December,4,2022
343,2022-12-11,11,12,December,4,2022
344,2022-12-12,12,12,December,4,2022
345,2022-12-13,13,12,December,4,2022
346,2022-12-14,14,12,December,4,2022
347,2022-12-15,15,12,December,4,2022
348,2022-12-16,16,12,December,4,2022
349,2022-12-17,17,12,December,4,2022
350,2022-12-18,18,12,December,4,2022
351,2022-12-19,19,12,December,4,2022
352,2022-12-20,20,12,December,4,2022
353,2022-12-21,21,12,December,4,2022
354,2022-12-22,22,12,December,4,2022
355,2022-12-23,23,12,December,4,2022
356,2022-12-24,24,12,December,4,2022
357,2022-12-25,25,12,December,4,2022
358,2022-12-26,26,12,December,4,2022
359,2022-12-27,27,12,December,4,2022
360,2022-12-28,28,12,December,4,2022
361,2022-12-29,29,12,December,4,2022
362,2022-12-30,30,12,December,4,2022
363,2022-12-31,31,12,December,4,2022
364,2023-01-01,1,1,January,1,2023
365,2023-01-02,2,1,January,1,2023
366,2023-01-03,3,1,January,1,2023
367,2023-01-04,4,1,January,1,2023
368,2023-01-05,5,1,January,1,2023
369,2023-01-06,6,1,January,1,2023
370,2023-01-07,7,1,January,1,2023
371,2023-01-08,8,1,January,1,2023
372,2023-01-09,9,1,January,1,2023
373,2023-01-10,10,1,January,1,2023
374,2023-01-11,11,1,January,1,2023
375,2023-01-12,12,1,January,1,2023
376,2023-01-13,13,1,January,1,2023
377,2023-01-14,14,1,January,1,2023
378,2023-01-15,15,1,January,1,2023
379,2023-01-16,16,1,January,1,2023
380,2023-01-17,17,1,January,1,2023
381,2023-01-18,18,1,January,1,2023
382,2023-01-19,19,1,January,1,2023
383,2023-01-20,20,1,January,1,2023
384,2023-01-21,21,1,January,1,2023
385,2023-01-22,22,1,January,1,2023
386,2023-01-23,23,1,January,1,2023
387,2023-01-24,24,1,January,1,2023
388,2023-01-25,25,1,January,1,2023
389,2023-01-27,27,1,January,1,2023
390,2023-01-28,28,1,January,1,2023
391,2023-01-29,29,1,January,1,2023
392,2023-01-30,30,1,January,1,2023
393,2023-01-31,31,1,January,1,2023
394,2023-02-01,1,2,February,1,2023
395,2023-02-02,2,2,February,1,2023
396,2023-02-03,3,2,February,1,2023
397,2023-02-04,4,2,February,1,2023
398,2023-02-05,5,2,February,1,2023
399,2023-02-06,6,2,February,1,2023
400,2023-02-07,7,2,February,1,2023
401,2023-02-08,8,2,February,1,2023
402,2023-02-09,9,2,February,1,2023
403,2023-02-10,10,2,February,1,2023
404,2023-02-11,11,2,February,1,2023
405,2023-02-12,12,2,February,1,2023
406,2023-02-13,13,2,February,1,2023
407,2023-02-14,14,2,February,1,2023
408,2023-02-15,15,2,February,1,2023
409,2023-02-16,16,2,February,1,2023
410,2023-02-17,17,2,February,1,2023
411,2023-02-18,18,2,February,1,2023
412,2023-02-19,19,2,February,1,2023
413,2023-02-20,20,2,February,1,2023
414,2023-02-21,21,2,February,1,2023
415,2023-02-22,22,2,February,1,2023
416,2023-02-23,23,2,February,1,2023
417,2023-02-24,24,2,February,1,2023
418,2023-02-25,25,2,February,1,2023
419,2023-02-26,26,2,February,1,2023
420,2023-02-27,27,2,February,1,2023
421,2023-02-28,28,2,February,1,2023
422,2023-03-01,1,3,March,1,2023
423,2023-03-02,2,3,March,1,2023
424,2023-03-03,3,3,March,1,2023
425,2023-03-04,4,3,March,1,2023
426,2023-03-05,5,3,March,1,2023
427,2023-03-06,6,3,March,1,2023
428,2023-03-07,7,3,March,1,2023
429,2023-03-08,8,3,March,1,2023
430,2023-03-09,9,3,March,1,2023
431,2023-03-10,10,3,March,1,2023
432,2023-03-11,11,3,March,1,2023
433,2023-03-12,12,3,March,1,2023
434,2023-03-13,13,3,March,1,2023
435,2023-03-14,14,3,March,1,2023
436,2023-03-15,15,3,March,1,2023
437,2023-03-16,16,3,March,1,2023
438,2023-03-17,17,3,March,1,2023
439,2023-03-18,18,3,March,1,2023
440,2023-03-19,19,3,March,1,2023
441,2023-03-20,20,3,March,1,2023
442,2023-03-21,21,3,March,1,2023
443,2023-03-22,22,3,March,1,2023
444,2023-03-23,23,3,March,1,2023
445,2023-03-24,24,3,March,1,2023
446,2023-03-25,25,3,March,1,2023
447,2023-03-26,26,3,March,1,2023
448,2023-03-27,27,3,March,1,2023
449,2023-03-28,28,3,March,1,2023
450,2023-03-29,29,3,March,1,2023
451,2023-03-30,30,3,March,1,2023
452,2023-03-31,31,3,March,1,2023
453,2023-04-01,1,4,April,2,2023
454,2023-04-02,2,4,April,2,2023
455,2023-04-03,3,4,April,2,2023
456,2023-04-04,4,4,April,2,2023
457,2023-04-05,5,4,April,2,2023
458,2023-04-06,6,4,April,2,2023
459,2023-04-07,7,4,April,2,2023
460,2023-04-08,8,4,April,2,2023
461,2023-04-09,9,4,April,2,2023
462,2023-04-10,10,4,April,2,2023
463,2023-04-11,11,4,April,2,2023
464,2023-04-12,12,4,April,2,2023
465,2023-04-13,13,4,April,2,2023
466,2023-04-14,14,4,April,2,2023
467,2023-04-15,15,4,April,2,2023
468,2023-04-16,16,4,April,2,2023
469,2023-04-17,17,4,April,2,2023
470,2023-04-18,18,4,April,2,2023
471,2023-04-19,19,4,April,2,2023
472,2023-04-20,20,4,April,2,2023
473,2023-04-21,21,4,April,2,2023
474,2023-04-22,22,4,April,2,2023
475,2023-04-23,23,4,April,2,2023
476,2023-04-24,24,4,April,2,2023
477,2023-04-25,25,4,April,2,2023
478,2023-04-26,26,4,April,2,2023
479,2023-04-27,27,4,April,2,2023
480,2023-04-28,28,4,April,2,2023
481,2023-04-29,29,4,April,2,2023
482,2023-04-30,30,4,April,2,2023
483,2023-05-01,1,5,May,2,2023
484,2023-05-02,2,5,May,2,2023
485,2023-05-03,3,5,May,2,2023
486,2023-05-04,4,5,May,2,2023
487,2023-05-05,5,5,May,2,2023
488,2023-05-06,6,5,May,2,2023
489,2023-05-07,7,5,May,2,2023
490,2023-05-08,8,5,May,2,2023
491,2023-05-09,9,5,May,2,2023
492,2023-05-10,10,5,May,2,2023
493,2023-05-11,11,5,May,2,2023
494,2023-05-12,12,5,May,2,2023
495,2023-05-13,13,5,May,2,2023
496,2023-05-14,14,5,May,2,2023
497,2023-05-15,15,5,May,2,2023
498,2023-05-16,16,5,May,2,2023
499,2023-05-17,17,5,May,2,2023
500,2023-05-18,18,5,May,2,2023
501,2023-05-19,19,5,May,2,2023
502,2023-05-20,20,5,May,2,2023
503,2023-05-21,21,5,May,2,2023
504,2023-05-22,22,5,May,2,2023
505,2023-05-23,23,5,May,2,2023
506,2023-05-24,24,5,May,2,2023
507,2023-05-25,25,5,May,2,2023
508,2023-05-26,26,5,May,2,2023
509,2023-05-27,27,5,May,2,2023
510,2023-05-28,28,5,May,2,2023
511,2023-05-29,29,5,May,2,2023
512,2023-05-30,30,5,May,2,2023
513,2023-05-31,31,5,May,2,2023
514,2023-06-01,1,6,June,2,2023
515,2023-06-02,2,6,June,2,2023
516,2023-06-03,3,6,June,2,2023
517,2023-06-04,4,6,June,2,2023
518,2023-06-05,5,6,June,2,2023
519,2023-06-06,6,6,June,2,2023
520,2023-06-07,7,6,June,2,2023
521,2023-06-08,8,6,June,2,2023
522,2023-06-09,9,6,June,2,2023
523,2023-06-10,10,6,June,2,2023
524,2023-06-11,11,6,June,2,2023
525,2023-06-12,12,6,June,2,2023
526,2023-06-13,13,6,June,2,2023
527,2023-06-14,14,6,June,2,2023
528,2023-06-15,15,6,June,2,2023
529,2023-06-16,16,6,June,2,2023
530,2023-06-17,17,6,June,2,2023
531,2023-06-18,18,6,June,2,2023
532,2023-06-19,19,6,June,2,2023
533,2023-06-20,20,6,June,2,2023
534,2023-06-21,21,6,June,2,2023
535,2023-06-22,22,6,June,2,2023
536,2023-06-23,23,6,June,2,2023
537,2023-06-24,24,6,June,2,2023
538,2023-06-25,25,6,June,2,2023
539,2023-06-26,26,6,June,2,2023
540,2023-06-27,27,6,June,2,2023
541,2023-06-28,28,6,June,2,2023
542,2023-06-29,29,6,June,2,2023
543,2023-06-30,30,6,June,2,2023
544,2023-07-01,1,7,July,3,2023
545,2023-07-02,2,7,July,3,2023
546,2023-07-03,3,7,July,3,2023
547,2023-07-04,4,7,July,3,2023
548,2023-07-05,5,7,July,3,2023
549,2023-07-06,6,7,July,3,2023
550,2023-07-07,7,7,July,3,2023
551,2023-07-08,8,7,July,3,2023
552,2023-07-09,9,7,July,3,2023
553,2023-07-10,10,7,July,3,2023
554,2023-07-11,11,7,July,3,2023
555,2023-07-12,12,7,July,3,2023
556,2023-07-13,13,7,July,3,2023
557,2023-07-14,14,7,July,3,2023
558,2023-07-15,15,7,July,3,2023
559,2023-07-16,16,7,July,3,2023
560,2023-07-17,17,7,July,3,2023
561,2023-07-18,18,7,July,3,2023
562,2023-07-19,19,7,July,3,2023
563,2023-07-20,20,7,July,3,2023
564,2023-07-21,21,7,July,3,2023
565,2023-07-22,22,7,July,3,2023
566,2023-07-23,23,7,July,3,2023
567,2023-07-24,24,7,July,3,2023
568,2023-07-25,25,7,July,3,2023
569,2023-07-26,26,7,July,3,2023
570,2023-07-27,27,7,July,3,2023
571,2023-07-28,28,7,July,3,2023
572,2023-07-29,29,7,July,3,2023
573,2023-07-30,30,7,July,3,2023
574,2023-07-31,31,7,July,3,2023
575,2023-08-01,1,8,August,3,2023
576,2023-08-02,2,8,August,3,2023
577,2023-08-03,3,8,August,3,2023
578,2023-08-04,4,8,August,3,2023
579,2023-08-05,5,8,August,3,2023
580,2023-08-06,6,8,August,3,2023
581,2023-08-07,7,8,August,3,2023
582,2023-08-08,8,8,August,3,2023
583,2023-08-09,9,8,August,3,2023
584,2023-08-10,10,8,August,3,2023
585,2023-08-11,11,8,August,3,2023
586,2023-08-12,12,8,August,3,2023
587,2023-08-13,13,8,August,3,2023
588,2023-08-14,14,8,August,3,2023
589,2023-08-15,15,8,August,3,2023
590,2023-08-16,16,8,August,3,2023
591,2023-08-17,17,8,August,3,2023
592,2023-08-18,18,8,August,3,2023
593,2023-08-19,19,8,August,3,2023
594,2023-08-20,20,8,August,3,2023
595,2023-08-21,21,8,August,3,2023
596,2023-08-22,22,8,August,3,2023
597,2023-08-23,23,8,August,3,2023
598,2023-08-24,24,8,August,3,2023
599,2023-08-25,25,8,August,3,2023
600,2023-08-26,26,8,August,3,2023
601,2023-08-27,27,8,August,3,2023
602,2023-08-28,28,8,August,3,2023
603,2023-08-29,29,8,August,3,2023
604,2023-08-30,30,8,August,3,2023
605,2023-08-31,31,8,August,3,2023
606,2023-09-01,1,9,September,3,2023
607,2023-09-02,2,9,September,3,2023
608,2023-09-03,3,9,September,3,2023
609,2023-09-04,4,9,September,3,2023
610,2023-09-05,5,9,September,3,2023
611,2023-09-06,6,9,September,3,2023
612,2023-09-07,7,9,September,3,2023
613,2023-09-08,8,9,September,3,2023
614,2023-09-09,9,9,September,3,2023
615,2023-09-10,10,9,September,3,2023
616,2023-09-11,11,9,September,3,2023
617,2023-09-12,12,9,September,3,2023
618,2023-09-13,13,9,September,3,2023
619,2023-09-14,14,9,September,3,2023
620,2023-09-15,15,9,September,3,2023
621,2023-09-16,16,9,September,3,2023
622,2023-09-17,17,9,September,3,2023
623,2023-09-18,18,9,September,3,2023
624,2023-09-19,19,9,September,3,2023
625,2023-09-20,20,9,September,3,2023
626,2023-09-21,21,9,September,3,2023
627,2023-09-22,22,9,September,3,2023
628,2023-09-23,23,9,September,3,2023
629,2023-09-24,24,9,September,3,2023
630,2023-09-25,25,9,September,3,2023
631,2023-09-26,26,9,September,3,2023
632,2023-09-27,27,9,September,3,2023
633,2023-09-28,28,9,September,3,2023
634,2023-09-29,29,9,September,3,2023
635,2023-09-30,30,9,September,3,2023
636,2023-10-01,1,10,October,4,2023
637,2023-10-02,2,10,October,4,2023
638,2023-10-03,3,10,October,4,2023
639,2023-10-04,4,10,October,4,2023
640,2023-10-05,5,10,October,4,2023
641,2023-10-06,6,10,October,4,2023
642,2023-10-07,7,10,October,4,2023
643,2023-10-08,8,10,October,4,2023
644,2023-10-09,9,10,October,4,2023
645,2023-10-10,10,10,October,4,2023
646,2023-10-11,11,10,October,4,2023
647,2023-10-12,12,10,October,4,2023
648,2023-10-13,13,10,October,4,2023
649,2023-10-14,14,10,October,4,2023
650,2023-10-15,15,10,October,4,2023
651,2023-10-16,16,10,October,4,2023
652,2023-10-17,17,10,October,4,2023
653,2023-10-18,18,10,October,4,2023
654,2023-10-19,19,10,October,4,2023
655,2023-10-20,20,10,October,4,2023
656,2023-10-21,21,10,October,4,2023
657,2023-10-23,23,10,October,4,2023
658,2023-10-24,24,10,October,4,2023
659,2023-10-25,25,10,October,4,2023
660,2023-10-26,26,10,October,4,2023
661,2023-10-27,27,10,October,4,2023
662,2023-10-28,28,10,October,4,2023
663,2023-10-29,29,10,October,4,2023
664,2023-10-30,30,10,October,4,2023
665,2023-10-31,31,10,October,4,2023
666,2023-11-01,1,11,November,4,2023
667,2023-11-02,2,11,November,4,2023
668,2023-11-03,3,11,November,4,2023
669,2023-11-04,4,11,November,4,2023
670,2023-11-05,5,11,November,4,2023
671,2023-11-06,6,11,November,4,2023
672,2023-11-07,7,11,November,4,2023
673,2023-11-08,8,11,November,4,2023
674,2023-11-09,9,11,November,4,2023
675,2023-11-10,10,11,November,4,2023
676,2023-11-11,11,11,November,4,2023
677,2023-11-12,12,11,November,4,2023
678,2023-11-13,13,11,November,4,2023
679,2023-11-14,14,11,November,4,2023
680,2023-11-16,16,11,November,4,2023
681,2023-11-17,17,11,November,4,2023
682,2023-11-18,18,11,November,4,2023
683,2023-11-19,19,11,November,4,2023
684,2023-11-20,20,11,November,4,2023
685,2023-11-21,21,11,November,4,2023
686,2023-11-22,22,11,November,4,2023
687,2023-11-23,23,11,November,4,2023
688,2023-11-24,24,11,November,4,2023
689,2023-11-25,25,11,November,4,2023
690,2023-11-26,26,11,November,4,2023
691,2023-11-27,27,11,November,4,2023
692,2023-11-28,28,11,November,4,2023
693,2023-11-29,29,11,November,4,2023
694,2023-11-30,30,11,November,4,2023
695,2023-12-01,1,12,December,4,2023
696,2023-12-02,2,12,December,4,2023
697,2023-12-03,3,12,December,4,2023
698,2023-12-04,4,12,December,4,2023
699,2023-12-05,5,12,December,4,2023
700,2023-12-06,6,12,December,4,2023
701,2023-12-07,7,12,December,4,2023
702,2023-12-08,8,12,December,4,2023
703,2023-12-09,9,12,December,4,2023
704,2023-12-10,10,12,December,4,2023
705,2023-12-11,11,12,December,4,2023
706,2023-12-12,12,12,December,4,2023
707,2023-12-13,13,12,December,4,2023
708,2023-12-14,14,12,December,4,2023
709,2023-12-15,15,12,December,4,2023
710,2023-12-16,16,12,December,4,2023
711,2023-12-17,17,12,December,4,2023
712,2023-12-18,18,12,December,4,2023
713,2023-12-19,19,12,December,4,2023
714,2023-12-20,20,12,December,4,2023
715,2023-12-21,21,12,December,4,2023
716,2023-12-22,22,12,December,4,2023
717,2023-12-23,23,12,December,4,2023
718,2023-12-24,24,12,December,4,2023
719,2023-12-25,25,12,December,4,2023
720,2023-12-26,26,12,December,4,2023
721,2023-12-27,27,12,December,4,2023
722,2023-12-28,28,12,December,4,2023
723,2023-12-29,29,12,December,4,2023
724,2023-12-30,30,12,December,4,2023
725,2023-12-31,31,12,December,4,2023
726,2024-01-01,1,1,January,1,2024
727,2024-01-02,2,1,January,1,2024
728,2024-01-03,3,1,January,1,2024
729,2024-01-04,4,1,January,1,2024
730,2024-01-05,5,1,January,1,2024
731,2024-01-06,6,1,January,1,2024
732,2024-01-07,7,1,January,1,2024
733,2024-01-08,8,1,January,1,2024
734,2024-01-09,9,1,January,1,2024
735,2024-01-10,10,1,January,1,2024
736,2024-01-11,11,1,January,1,2024
737,2024-01-12,12,1,January,1,2024
738,2024-01-13,13,1,January,1,2024
739,2024-01-14,14,1,January,1,2024
740,2024-01-15,15,1,January,1,2024
741,2024-01-16,16,1,January,1,2024
742,2024-01-17,17,1,January,1,2024
743,2024-01-18,18,1,January,1,2024
744,2024-01-19,19,1,January,1,2024
745,2024-01-20,20,1,January,1,2024
746,2024-01-21,21,1,January,1,2024
747,2024-01-22,22,1,January,1,2024
748,2024-01-23,23,1,January,1,2024
749,2024-01-24,24,1,January,1,2024
750,2024-01-25,25,1,January,1,2024
751,2024-01-26,26,1,January,1,2024
752,2024-01-27,27,1,January,1,2024
753,2024-01-28,28,1,January,1,2024
754,2024-01-29,29,1,January,1,2024
755,2024-01-30,30,1,January,1,2024
756,2024-01-31,31,1,January,1,2024
757,2024-02-01,1,2,February,1,2024
758,2024-02-02,2,2,February,1,2024
759,2024-02-03,3,2,February,1,2024
760,2024-02-04,4,2,February,1,2024
761,2024-02-05,5,2,February,1,2024
762,2024-02-06,6,2,February,1,2024
763,2024-02-07,7,2,February,1,2024
764,2024-02-08,8,2,February,1,2024
765,2024-02-09,9,2,February,1,2024
766,2024-02-10,10,2,February,1,2024
767,2024-02-11,11,2,February,1,2024
768,2024-02-12,12,2,February,1,2024
769,2024-02-13,13,2,February,1,2024
770,2024-02-14,14,2,February,1,2024
771,2024-02-15,15,2,February,1,2024
772,2024-02-16,16,2,February,1,2024
773,2024-02-17,17,2,February,1,2024
774,2024-02-18,18,2,February,1,2024
775,2024-02-19,19,2,February,1,2024
776,2024-02-20,20,2,February,1,2024
777,2024-02-21,21,2,February,1,2024
778,2024-02-22,22,2,February,1,2024
779,2024-02-23,23,2,February,1,2024
780,2024-02-24,24,2,February,1,2024
781,2024-02-25,25,2,February,1,2024
782,2024-02-26,26,2,February,1,2024
783,2024-02-27,27,2,February,1,2024
784,2024-02-28,28,2,February,1,2024
785,2024-02-29,29,2,February,1,2024
786,2024-03-01,1,3,March,1,2024
787,2024-03-02,2,3,March,1,2024
788,2024-03-03,3,3,March,1,2024
789,2024-03-04,4,3,March,1,2024
790,2024-03-05,5,3,March,1,2024
791,2024-03-06,6,3,March,1,2024
792,2024-03-07,7,3,March,1,2024
793,2024-03-08,8,3,March,1,2024
794,2024-03-09,9,3,March,1,2024
795,2024-03-10,10,3,March,1,2024
796,2024-03-11,11,3,March,1,2024
797,2024-03-12,12,3,March,1,2024
798,2024-03-13,13,3,March,1,2024
799,2024-03-14,14,3,March,1,2024
800,2024-03-15,15,3,March,1,2024
801,2024-03-16,16,3,March,1,2024
802,2024-03-17,17,3,March,1,2024
803,2024-03-18,18,3,March,1,2024
804,2024-03-19,19,3,March,1,2024
805,2024-03-20,20,3,March,1,2024
806,2024-03-21,21,3,March,1,2024
807,2024-03-22,22,3,March,1,2024
808,2024-03-23,23,3,March,1,2024
809,2024-03-24,24,3,March,1,2024
810,2024-03-25,25,3,March,1,2024
811,2024-03-26,26,3,March,1,2024
812,2024-03-27,27,3,March,1,2024
813,2024-03-28,28,3,March,1,2024
814,2024-03-29,29,3,March,1,2024
815,2024-03-30,30,3,March,1,2024
816,2024-03-31,31,3,March,1,2024
817,2024-04-01,1,4,April,2,2024
818,2024-04-02,2,4,April,2,2024
819,2024-04-03,3,4,April,2,2024
820,2024-04-04,4,4,April,2,2024
821,2024-04-05,5,4,April,2,2024
822,2024-04-06,6,4,April,2,2024
823,2024-04-07,7,4,April,2,2024
824,2024-04-08,8,4,April,2,2024
825,2024-04-09,9,4,April,2,2024
826,2024-04-10,10,4,April,2,2024
827,2024-04-11,11,4,April,2,2024
828,2024-04-12,12,4,April,2,2024
829,2024-04-13,13,4,April,2,2024
830,2024-04-14,14,4,April,2,2024
831,2024-04-15,15,4,April,2,2024
832,2024-04-16,16,4,April,2,2024
833,2024-04-17,17,4,April,2,2024
834,2024-04-18,18,4,April,2,2024
835,2024-04-19,19,4,April,2,2024
836,2024-04-20,20,4,April,2,2024
837,2024-04-21,21,4,April,2,2024
838,2024-04-22,22,4,April,2,2024
839,2024-04-23,23,4,April,2,2024
840,2024-04-24,24,4,April,2,2024
841,2024-04-25,25,4,April,2,2024
842,2024-04-26,26,4,April,2,2024
843,2024-04-27,27,4,April,2,2024
844,2024-04-28,28,4,April,2,2024
845,2024-04-29,29,4,April,2,2024
846,2024-04-30,30,4,April,2,2024
847,2024-05-01,1,5,May,2,2024
848,2024-05-02,2,5,May,2,2024
849,2024-05-03,3,5,May,2,2024
850,2024-05-04,4,5,May,2,2024
851,2024-05-05,5,5,May,2,2024
852,2024-05-06,6,5,May,2,2024
853,2024-05-07,7,5,May,2,2024
854,2024-05-08,8,5,May,2,2024
855,2024-05-09,9,5,May,2,2024
856,2024-05-10,10,5,May,2,2024
857,2024-05-11,11,5,May,2,2024
858,2024-05-12,12,5,May,2,2024
859,2024-05-13,13,5,May,2,2024
860,2024-05-14,14,5,May,2,2024
861,2024-05-15,15,5,May,2,2024
862,2024-05-16,16,5,May,2,2024
863,2024-05-17,17,5,May,2,2024
864,2024-05-18,18,5,May,2,2024
865,2024-05-19,19,5,May,2,2024
866,2024-05-20,20,5,May,2,2024
867,2024-05-21,21,5,May,2,2024
868,2024-05-22,22,5,May,2,2024
869,2024-05-23,23,5,May,2,2024
870,2024-05-24,24,5,May,2,2024
871,2024-05-25,25,5,May,2,2024
872,2024-05-26,26,5,May,2,2024
873,2024-05-27,27,5,May,2,2024
874,2024-05-28,28,5,May,2,2024
875,2024-05-29,29,5,May,2,2024
876,2024-05-30,30,5,May,2,2024
877,2024-05-31,31,5,May,2,2024
878,2024-06-01,1,6,June,2,2024
879,2024-06-02,2,6,June,2,2024
880,2024-06-03,3,6,June,2,2024
881,2024-06-04,4,6,June,2,2024
882,2024-06-05,5,6,June,2,2024
883,2024-06-06,6,6,June,2,2024
884,2024-06-07,7,6,June,2,2024
885,2024-06-08,8,6,June,2,2024
886,2024-06-09,9,6,June,2,2024
887,2024-06-10,10,6,June,2,2024
888,2024-06-11,11,6,June,2,2024
889,2024-06-12,12,6,June,2,2024
890,2024-06-13,13,6,June,2,2024
891,2024-06-14,14,6,June,2,2024
892,2024-06-15,15,6,June,2,2024
893,2024-06-16,16,6,June,2,2024
894,2024-06-17,17,6,June,2,2024
895,2024-06-18,18,6,June,2,2024
896,2024-06-19,19,6,June,2,2024
897,2024-06-20,20,6,June,2,2024
898,2024-06-21,21,6,June,2,2024
899,2024-06-22,22,6,June,2,2024
900,2024-06-23,23,6,June,2,2024
901,2024-06-24,24,6,June,2,2024
902,2024-06-25,25,6,June,2,2024
903,2024-06-26,26,6,June,2,2024
904,2024-06-27,27,6,June,2,2024
905,2024-06-28,28,6,June,2,2024
906,2024-06-29,29,6,June,2,2024
907,2024-06-30,30,6,June,2,2024
908,2024-07-01,1,7,July,3,2024
909,2024-07-02,2,7,July,3,2024
910,2024-07-03,3,7,July,3,2024
911,2024-07-04,4,7,July,3,2024
912,2024-07-05,5,7,July,3,2024
913,2024-07-06,6,7,July,3,2024
914,2024-07-07,7,7,July,3,2024
915,2024-07-08,8,7,July,3,2024
916,2024-07-09,9,7,July,3,2024
917,2024-07-10,10,7,July,3,2024
918,2024-07-11,11,7,July,3,2024
919,2024-07-12,12,7,July,3,2024
920,2024-07-13,13,7,July,3,2024
921,2024-07-14,14,7,July,3,2024
922,2024-07-15,15,7,July,3,2024
923,2024-07-16,16,7,July,3,2024
924,2024-07-17,17,7,July,3,2024
925,2024-07-18,18,7,July,3,2024
926,2024-07-19,19,7,July,3,2024
927,2024-07-20,20,7,July,3,2024
928,2024-07-21,21,7,July,3,2024
929,2024-07-22,22,7,July,3,2024
930,2024-07-23,23,7,July,3,2024
931,2024-07-24,24,7,July,3,2024
932,2024-07-25,25,7,July,3,2024
933,2024-07-26,26,7,July,3,2024
934,2024-07-27,27,7,July,3,2024
935,2024-07-28,28,7,July,3,2024
936,2024-07-29,29,7,July,3,2024
937,2024-07-30,30,7,July,3,2024
938,2024-07-31,31,7,July,3,2024
939,2024-08-01,1,8,August,3,2024
940,2024-08-02,2,8,August,3,2024
941,2024-08-03,3,8,August,3,2024
942,2024-08-04,4,8,August,3,2024
943,2024-08-05,5,8,August,3,2024
944,2024-08-06,6,8,August,3,2024
945,2024-08-07,7,8,August,3,2024
946,2024-08-08,8,8,August,3,2024
947,2024-08-09,9,8,August,3,2024
948,2024-08-10,10,8,August,3,2024
949,2024-08-11,11,8,August,3,2024
950,2024-08-12,12,8,August,3,2024
951,2024-08-13,13,8,August,3,2024
952,2024-08-14,14,8,August,3,2024
953,2024-08-15,15,8,August,3,2024
954,2024-08-16,16,8,August,3,2024
955,2024-08-17,17,8,August,3,2024
956,2024-08-18,18,8,August,3,2024
957,2024-08-19,19,8,August,3,2024
958,2024-08-20,20,8,August,3,2024
959,2024-08-21,21,8,August,3,2024
960,2024-08-22,22,8,August,3,2024
961,2024-08-23,23,8,August,3,2024
962,2024-08-24,24,8,August,3,2024
963,2024-08-25,25,8,August,3,2024
964,2024-08-26,26,8,August,3,2024
965,2024-08-27,27,8,August,3,2024
966,2024-08-28,28,8,August,3,2024
967,2024-08-29,29,8,August,3,2024
968,2024-08-30,30,8,August,3,2024
969,2024-08-31,31,8,August,3,2024
970,2024-09-01,1,9,September,3,2024
971,2024-09-02,2,9,September,3,2024
972,2024-09-03,3,9,September,3,2024
973,2024-09-04,4,9,September,3,2024
974,2024-09-05,5,9,September,3,2024
975,2024-09-06,6,9,September,3,2024
976,2024-09-07,7,9,September,3,2024
977,2024-09-08,8,9,September,3,2024
978,2024-09-09,9,9,September,3,2024
979,2024-09-10,10,9,September,3,2024
980,2024-09-11,11,9,September,3,2024
981,2024-09-12,12,9,September,3,2024
982,2024-09-13,13,9,September,3,2024
983,2024-09-14,14,9,September,3,2024
984,2024-09-15,15,9,September,3,2024
985,2024-09-16,16,9,September,3,2024
986,2024-09-17,17,9,September,3,2024
987,2024-09-18,18,9,September,3,2024
988,2024-09-19,19,9,September,3,2024
989,2024-09-20,20,9,September,3,2024
990,2024-09-21,21,9,September,3,2024
991,2024-09-22,22,9,September,3,2024
992,2024-09-23,23,9,September,3,2024
993,2024-09-24,24,9,September,3,2024
994,2024-09-25,25,9,September,3,2024
995,2024-09-26,26,9,September,3,2024
996,2024-09-27,27,9,September,3,2024
997,2024-09-28,28,9,September,3,2024
998,2024-09-29,29,9,September,3,2024
999,2024-09-30,30,9,September,3,2024
1000,2024-10-01,1,10,October,4,2024
1001,2024-10-02,2,10,October,4,2024
1002,2024-10-03,3,10,October,4,2024
1003,2024-10-04,4,10,October,4,2024
1004,2024-10-05,5,10,October,4,2024
1005,2024-10-06,6,10,October,4,2024
1006,2024-10-07,7,10,October,4,2024
1007,2024-10-08,8,10,October,4,2024
1008,2024-10-09,9,10,October,4,2024
1009,2024-10-10,10,10,October,4,2024
1010,2024-10-11,11,10,October,4,2024
1011,2024-10-12,12,10,October,4,2024
1012,2024-10-13,13,10,October,4,2024
1013,2024-10-14,14,10,October,4,2024
1014,2024-10-15,15,10,October,4,2024
1015,2024-10-16,16,10,October,4,2024
1016,2024-10-17,17,10,October,4,2024
1017,2024-10-18,18,10,October,4,2024
1018,2024-10-19,19,10,October,4,2024
1019,2024-10-20,20,10,October,4,2024
1020,2024-10-21,21,10,October,4,2024
1021,2024-10-22,22,10,October,4,2024
1022,2024-10-23,23,10,October,4,2024
1023,2024-10-24,24,10,October,4,2024
1024,2024-10-25,25,10,October,4,2024
1025,2024-10-26,26,10,October,4,2024
1026,2024-10-27,27,10,October,4,2024
1027,2024-10-28,28,10,October,4,2024
1028,2024-10-29,29,10,October,4,2024
1029,2024-10-30,30,10,October,4,2024
1030,2024-10-31,31,10,October,4,2024
1031,2024-11-01,1,11,November,4,2024
1032,2024-11-02,2,11,November,4,2024
1033,2024-11-03,3,11,November,4,2024
1034,2024-11-04,4,11,November,4,2024
1035,2024-11-05,5,11,November,4,2024
1036,2024-11-06,6,11,November,4,2024
1037,2024-11-07,7,11,November,4,2024
1038,2024-11-08,8,11,November,4,2024
1039,2024-11-09,9,11,November,4,2024
1040,2024-11-10,10,11,November,4,2024
1041,2024-11-11,11,11,November,4,2024
1042,2024-11-12,12,11,November,4,2024
1043,2024-11-13,13,11,November,4,2024
1044,2024-11-14,14,11,November,4,2024
1045,2024-11-15,15,11,November,4,2024
1046,2024-11-16,16,11,November,4,2024
1047,2024-11-17,17,11,November,4,2024
1048,2024-11-18,18,11,November,4,2024
1049,2024-11-19,19,11,November,4,2024
1050,2024-11-20,20,11,November,4,2024
1051,2024-11-21,21,11,November,4,2024
1052,2024-11-22,22,11,November,4,2024
1053,2024-11-23,23,11,November,4,2024
1054,2024-11-24,24,11,November,4,2024
1055,2024-11-25,25,11,November,4,2024
1056,2024-11-26,26,11,November,4,2024
1057,2024-11-27,27,11,November,4,2024
1058,2024-11-28,28,11,November,4,2024
1059,2024-11-29,29,11,November,4,2024
1060,2024-11-30,30,11,November,4,2024
1061,2024-12-01,1,12,December,4,2024
1062,2024-12-02,2,12,December,4,2024
1063,2024-12-03,3,12,December,4,2024
1064,2024-12-04,4,12,December,4,2024
1065,2024-12-05,5,12,December,4,2024
1066,2024-12-06,6,12,December,4,2024
1067,2024-12-07,7,12,December,4,2024
1068,2024-12-08,8,12,December,4,2024
1069,2024-12-09,9,12,December,4,2024
1070,2024-12-10,10,12,December,4,2024
1071,2024-12-11,11,12,December,4,2024
1072,2024-12-12,12,12,December,4,2024
1073,2024-12-13,13,12,December,4,2024
1074,2024-12-14,14,12,December,4,2024
1075,2024-12-15,15,12,December,4,2024
1076,2024-12-16,16,12,December,4,2024
1077,2024-12-17,17,12,December,4,2024
1078,2024-12-18,18,12,December,4,2024
1079,2024-12-19,19,12,December,4,2024
1080,2024-12-20,20,12,December,4,2024
1081,2024-12-21,21,12,December,4,2024
1082,2024-12-22,22,12,December,4,2024
1083,2024-12-23,23,12,December,4,2024
1084,2024-12-24,24,12,December,4,2024
1085,2024-12-25,25,12,December,4,2024
1086,2024-12-26,26,12,December,4,2024
1087,2024-12-27,27,12,December,4,2024
1088,2024-12-28,28,12,December,4,2024
1089,2024-12-29,29,12,December,4,2024
1090,2024-12-30,30,12,December,4,2024
1091,2024-12-31,31,12,December,4,2024
