customer_id,customer_name,customer_type
C0001,Customer 1,VIP
C0002,Customer 100,VIP
C0003,Customer 1000,New
C0004,Customer 1001,New
C0005,Customer 1002,New
C0006,Customer 1004,VIP
C0007,Customer 1005,VIP
C0008,Customer 1006,New
C0009,Customer 1007,New
C0010,Customer 1009,VIP
C0011,Customer 101,Returning
C0012,Customer 1011,New
C0013,Customer 1012,Returning
C0014,Customer 1013,New
C0015,Customer 1014,VIP
C0016,Customer 1015,New
C0017,Customer 1016,New
C0018,Customer 1017,VIP
C0019,Customer 1018,VIP
C0020,Customer 1019,Returning
C0021,Customer 102,Returning
C0022,Customer 1021,Returning
C0023,Customer 1022,Returning
C0024,Customer 1023,New
C0025,Customer 1024,Returning
C0026,Customer 1025,Returning
C0027,Customer 1027,New
C0028,Customer 1028,Returning
C0029,Customer 103,VIP
C0030,Customer 1030,New
C0031,Customer 1031,Returning
C0032,Customer 1032,Returning
C0033,Customer 1033,Returning
C0034,Customer 1034,Returning
C0035,Customer 1035,Returning
C0036,Customer 1036,Returning
C0037,Customer 1037,VIP
C0038,Customer 1038,Returning
C0039,Customer 1039,Returning
C0040,Customer 104,New
C0041,Customer 1040,VIP
C0042,Customer 1041,Returning
C0043,Customer 1042,Returning
C0044,Customer 1043,Returning
C0045,Customer 1044,New
C0046,Customer 1046,New
C0047,Customer 1047,New
C0048,Customer 1048,New
C0049,Customer 1049,VIP
C0050,Customer 105,VIP
C0051,Customer 1050,New
C0052,Customer 1051,New
C0053,Customer 1052,VIP
C0054,Customer 1053,VIP
C0055,Customer 1054,Returning
C0056,Customer 1055,VIP
C0057,Customer 1056,New
C0058,Customer 1058,New
C0059,Customer 1059,Returning
C0060,Customer 106,New
C0061,Customer 1060,VIP
C0062,Customer 1061,VIP
C0063,Customer 1062,VIP
C0064,Customer 1063,VIP
C0065,Customer 1064,New
C0066,Customer 1066,Returning
C0067,Customer 1067,Returning
C0068,Customer 1068,New
C0069,Customer 107,Returning
C0070,Customer 1070,New
C0071,Customer 1071,Returning
C0072,Customer 1072,VIP
C0073,Customer 1073,New
C0074,Customer 1074,Returning
C0075,Customer 1075,VIP
C0076,Customer 1076,Returning
C0077,Customer 1077,Returning
C0078,Customer 1078,New
C0079,Customer 1079,New
C0080,Customer 108,New
C0081,Customer 1081,Returning
C0082,Customer 1082,VIP
C0083,Customer 1083,VIP
C0084,Customer 1084,Returning
C0085,Customer 1085,Returning
C0086,Customer 1086,New
C0087,Customer 1087,VIP
C0088,Customer 1089,Returning
C0089,Customer 109,Returning
C0090,Customer 1091,Returning
C0091,Customer 1092,Returning
C0092,Customer 1093,New
C0093,Customer 1094,Returning
C0094,Customer 1095,Returning
C0095,Customer 1096,Returning
C0096,Customer 1097,VIP
C0097,Customer 1098,Returning
C0098,Customer 1099,Returning
C0099,Customer 11,Returning
C0100,Customer 110,Returning
C0101,Customer 1100,Returning
C0102,Customer 1101,Returning
C0103,Customer 1102,VIP
C0104,Customer 1103,Returning
C0105,Customer 1104,VIP
C0106,Customer 1105,VIP
C0107,Customer 1106,New
C0108,Customer 1107,VIP
C0109,Customer 1108,New
C0110,Customer 1109,Returning
C0111,Customer 111,VIP
C0112,Customer 1110,New
C0113,Customer 1111,New
C0114,Customer 1112,New
C0115,Customer 1113,Returning
C0116,Customer 1114,VIP
C0117,Customer 1115,Returning
C0118,Customer 1116,New
C0119,Customer 1117,New
C0120,Customer 1118,New
C0121,Customer 1119,Returning
C0122,Customer 112,Returning
C0123,Customer 1120,Returning
C0124,Customer 1122,Returning
C0125,Customer 1123,VIP
C0126,Customer 1124,Returning
C0127,Customer 1125,New
C0128,Customer 1126,New
C0129,Customer 1127,Returning
C0130,Customer 1128,New
C0131,Customer 1129,New
C0132,Customer 113,Returning
C0133,Customer 1130,Returning
C0134,Customer 1131,VIP
C0135,Customer 1132,Returning
C0136,Customer 1133,New
C0137,Customer 1134,Returning
C0138,Customer 1135,New
C0139,Customer 1136,Returning
C0140,Customer 1137,Returning
C0141,Customer 1138,VIP
C0142,Customer 114,New
C0143,Customer 1140,Returning
C0144,Customer 1141,VIP
C0145,Customer 1142,New
C0146,Customer 1143,New
C0147,Customer 1144,VIP
C0148,Customer 1145,VIP
C0149,Customer 1146,VIP
C0150,Customer 1147,New
C0151,Customer 1148,VIP
C0152,Customer 115,New
C0153,Customer 1150,Returning
C0154,Customer 1151,VIP
C0155,Customer 1152,New
C0156,Customer 1154,Returning
C0157,Customer 1155,New
C0158,Customer 1156,New
C0159,Customer 1157,Returning
C0160,Customer 1158,Returning
C0161,Customer 1159,VIP
C0162,Customer 116,VIP
C0163,Customer 1160,Returning
C0164,Customer 1161,New
C0165,Customer 1162,Returning
C0166,Customer 1163,VIP
C0167,Customer 1164,VIP
C0168,Customer 1165,VIP
C0169,Customer 1166,VIP
C0170,Customer 1167,Returning
C0171,Customer 1168,VIP
C0172,Customer 1169,VIP
C0173,Customer 117,Returning
C0174,Customer 1170,New
C0175,Customer 1172,New
C0176,Customer 1173,Returning
C0177,Customer 1174,Returning
C0178,Customer 1175,Returning
C0179,Customer 1176,Returning
C0180,Customer 1177,Returning
C0181,Customer 1178,New
C0182,Customer 118,Returning
C0183,Customer 1180,VIP
C0184,Customer 1181,VIP
C0185,Customer 1182,New
C0186,Customer 1183,VIP
C0187,Customer 1184,Returning
C0188,Customer 1185,VIP
C0189,Customer 1186,Returning
C0190,Customer 1187,New
C0191,Customer 1188,New
C0192,Customer 1189,Returning
C0193,Customer 119,Returning
C0194,Customer 1190,Returning
C0195,Customer 1191,New
C0196,Customer 1192,New
C0197,Customer 1194,New
C0198,Customer 1196,VIP
C0199,Customer 1197,Returning
C0200,Customer 1198,New
C0201,Customer 1199,Returning
C0202,Customer 12,VIP
C0203,Customer 120,New
C0204,Customer 1200,New
C0205,Customer 1201,VIP
C0206,Customer 1202,VIP
C0207,Customer 1203,New
C0208,Customer 1204,VIP
C0209,Customer 1205,Returning
C0210,Customer 1206,Returning
C0211,Customer 1207,VIP
C0212,Customer 1208,Returning
C0213,Customer 1209,VIP
C0214,Customer 121,New
C0215,Customer 1210,New
C0216,Customer 1211,VIP
C0217,Customer 1212,Returning
C0218,Customer 1213,Returning
C0219,Customer 1214,New
C0220,Customer 1215,VIP
C0221,Customer 1216,Returning
C0222,Customer 1217,Returning
C0223,Customer 1218,New
C0224,Customer 1219,VIP
C0225,Customer 122,VIP
C0226,Customer 1221,Returning
C0227,Customer 1222,VIP
C0228,Customer 1223,New
C0229,Customer 1225,New
C0230,Customer 1227,VIP
C0231,Customer 1228,VIP
C0232,Customer 1229,VIP
C0233,Customer 123,New
C0234,Customer 1230,Returning
C0235,Customer 1231,New
C0236,Customer 1232,Returning
C0237,Customer 1233,New
C0238,Customer 1234,VIP
C0239,Customer 1235,VIP
C0240,Customer 1237,Returning
C0241,Customer 1238,New
C0242,Customer 1239,Returning
C0243,Customer 124,New
C0244,Customer 1240,Returning
C0245,Customer 1241,VIP
C0246,Customer 1242,Returning
C0247,Customer 1243,VIP
C0248,Customer 1244,VIP
C0249,Customer 1245,New
C0250,Customer 1246,Returning
C0251,Customer 1247,New
C0252,Customer 1248,VIP
C0253,Customer 1249,Returning
C0254,Customer 125,New
C0255,Customer 1250,VIP
C0256,Customer 1251,New
C0257,Customer 1252,New
C0258,Customer 1253,VIP
C0259,Customer 1254,VIP
C0260,Customer 1255,New
C0261,Customer 1256,VIP
C0262,Customer 1257,Returning
C0263,Customer 1258,New
C0264,Customer 1259,VIP
C0265,Customer 126,New
C0266,Customer 1260,VIP
C0267,Customer 1261,Returning
C0268,Customer 1262,VIP
C0269,Customer 1263,VIP
C0270,Customer 1264,Returning
C0271,Customer 1265,Returning
C0272,Customer 1266,VIP
C0273,Customer 1267,Returning
C0274,Customer 1268,Returning
C0275,Customer 1269,New
C0276,Customer 127,VIP
C0277,Customer 1270,New
C0278,Customer 1271,Returning
C0279,Customer 1272,New
C0280,Customer 1273,Returning
C0281,Customer 1274,Returning
C0282,Customer 1275,VIP
C0283,Customer 1276,VIP
C0284,Customer 1277,VIP
C0285,Customer 1278,Returning
C0286,Customer 1279,Returning
C0287,Customer 128,New
C0288,Customer 1280,VIP
C0289,Customer 1281,Returning
C0290,Customer 1282,Returning
C0291,Customer 1283,New
C0292,Customer 1284,New
C0293,Customer 1285,VIP
C0294,Customer 1286,New
C0295,Customer 1287,New
C0296,Customer 1288,VIP
C0297,Customer 1289,New
C0298,Customer 129,Returning
C0299,Customer 1290,VIP
C0300,Customer 1291,VIP
C0301,Customer 1292,VIP
C0302,Customer 1293,New
C0303,Customer 1294,New
C0304,Customer 1295,New
C0305,Customer 1296,VIP
C0306,Customer 1297,Returning
C0307,Customer 1298,New
C0308,Customer 1299,VIP
C0309,Customer 13,VIP
C0310,Customer 130,New
C0311,Customer 1300,Returning
C0312,Customer 1301,VIP
C0313,Customer 1302,New
C0314,Customer 1303,VIP
C0315,Customer 1304,VIP
C0316,Customer 1305,New
C0317,Customer 1306,New
C0318,Customer 1307,VIP
C0319,Customer 1308,New
C0320,Customer 1309,VIP
C0321,Customer 131,Returning
C0322,Customer 1310,VIP
C0323,Customer 1311,Returning
C0324,Customer 1312,Returning
C0325,Customer 1313,New
C0326,Customer 1314,VIP
C0327,Customer 1315,New
C0328,Customer 1316,Returning
C0329,Customer 1317,New
C0330,Customer 1319,New
C0331,Customer 132,Returning
C0332,Customer 1320,Returning
C0333,Customer 1321,VIP
C0334,Customer 1322,Returning
C0335,Customer 1324,Returning
C0336,Customer 1326,Returning
C0337,Customer 1327,VIP
C0338,Customer 1328,VIP
C0339,Customer 1329,Returning
C0340,Customer 133,VIP
C0341,Customer 1330,Returning
C0342,Customer 1331,Returning
C0343,Customer 1332,Returning
C0344,Customer 1333,New
C0345,Customer 1334,Returning
C0346,Customer 1335,VIP
C0347,Customer 1336,Returning
C0348,Customer 1337,New
C0349,Customer 1338,New
C0350,Customer 1339,New
C0351,Customer 134,Returning
C0352,Customer 1340,VIP
C0353,Customer 1341,New
C0354,Customer 1342,Returning
C0355,Customer 1343,VIP
C0356,Customer 1344,VIP
C0357,Customer 1345,Returning
C0358,Customer 1346,VIP
C0359,Customer 1347,Returning
C0360,Customer 1348,Returning
C0361,Customer 1349,Returning
C0362,Customer 135,New
C0363,Customer 1350,Returning
C0364,Customer 1351,VIP
C0365,Customer 1352,Returning
C0366,Customer 1354,New
C0367,Customer 1355,Returning
C0368,Customer 1356,New
C0369,Customer 1357,New
C0370,Customer 1358,VIP
C0371,Customer 1359,New
C0372,Customer 136,New
C0373,Customer 1361,VIP
C0374,Customer 1362,New
C0375,Customer 1363,VIP
C0376,Customer 1365,VIP
C0377,Customer 1366,VIP
C0378,Customer 1367,Returning
C0379,Customer 1368,Returning
C0380,Customer 1369,VIP
C0381,Customer 137,VIP
C0382,Customer 1370,VIP
C0383,Customer 1371,Returning
C0384,Customer 1372,New
C0385,Customer 1373,New
C0386,Customer 1374,Returning
C0387,Customer 1376,Returning
C0388,Customer 1377,VIP
C0389,Customer 1378,Returning
C0390,Customer 1379,Returning
C0391,Customer 138,VIP
C0392,Customer 1380,New
C0393,Customer 1381,VIP
C0394,Customer 1382,Returning
C0395,Customer 1383,New
C0396,Customer 1385,Returning
C0397,Customer 1386,VIP
C0398,Customer 1387,VIP
C0399,Customer 1388,New
C0400,Customer 1389,New
C0401,Customer 1390,Returning
C0402,Customer 1391,New
C0403,Customer 1392,New
C0404,Customer 1394,New
C0405,Customer 1395,VIP
C0406,Customer 1396,New
C0407,Customer 1397,VIP
C0408,Customer 1398,VIP
C0409,Customer 1399,VIP
C0410,Customer 14,Returning
C0411,Customer 140,New
C0412,Customer 1400,Returning
C0413,Customer 1401,VIP
C0414,Customer 1402,VIP
C0415,Customer 1404,VIP
C0416,Customer 1405,VIP
C0417,Customer 1406,VIP
C0418,Customer 1407,Returning
C0419,Customer 1408,VIP
C0420,Customer 1409,Returning
C0421,Customer 1410,New
C0422,Customer 1411,VIP
C0423,Customer 1412,Returning
C0424,Customer 1413,Returning
C0425,Customer 1414,New
C0426,Customer 1415,New
C0427,Customer 1416,Returning
C0428,Customer 1417,VIP
C0429,Customer 1418,New
C0430,Customer 1419,Returning
C0431,Customer 142,Returning
C0432,Customer 1420,New
C0433,Customer 1421,VIP
C0434,Customer 1422,Returning
C0435,Customer 1423,Returning
C0436,Customer 1424,Returning
C0437,Customer 1425,VIP
C0438,Customer 1426,New
C0439,Customer 1427,New
C0440,Customer 1428,New
C0441,Customer 1429,VIP
C0442,Customer 143,Returning
C0443,Customer 1431,Returning
C0444,Customer 1432,New
C0445,Customer 1433,Returning
C0446,Customer 1434,New
C0447,Customer 1435,Returning
C0448,Customer 1436,New
C0449,Customer 1437,VIP
C0450,Customer 1438,Returning
C0451,Customer 1439,Returning
C0452,Customer 144,New
C0453,Customer 1440,New
C0454,Customer 1441,Returning
C0455,Customer 1442,Returning
C0456,Customer 1444,New
C0457,Customer 1445,VIP
C0458,Customer 1446,VIP
C0459,Customer 1447,New
C0460,Customer 1448,Returning
C0461,Customer 1449,New
C0462,Customer 145,New
C0463,Customer 1450,Returning
C0464,Customer 1451,Returning
C0465,Customer 1452,VIP
C0466,Customer 1453,VIP
C0467,Customer 1454,Returning
C0468,Customer 1455,VIP
C0469,Customer 1456,New
C0470,Customer 1457,Returning
C0471,Customer 1458,Returning
C0472,Customer 1459,Returning
C0473,Customer 146,VIP
C0474,Customer 1460,Returning
C0475,Customer 1461,Returning
C0476,Customer 1462,New
C0477,Customer 1463,VIP
C0478,Customer 1464,Returning
C0479,Customer 1465,Returning
C0480,Customer 1466,New
C0481,Customer 1467,VIP
C0482,Customer 1468,New
C0483,Customer 1469,New
C0484,Customer 147,VIP
C0485,Customer 1470,Returning
C0486,Customer 1471,Returning
C0487,Customer 1472,New
C0488,Customer 1473,VIP
C0489,Customer 1474,New
C0490,Customer 1475,New
C0491,Customer 1477,VIP
C0492,Customer 1478,New
C0493,Customer 1479,Returning
C0494,Customer 148,New
C0495,Customer 1480,Returning
C0496,Customer 1482,New
C0497,Customer 1483,VIP
C0498,Customer 1484,Returning
C0499,Customer 1485,VIP
C0500,Customer 1486,Returning
C0501,Customer 1487,VIP
C0502,Customer 1488,VIP
C0503,Customer 1489,Returning
C0504,Customer 149,Returning
C0505,Customer 1490,VIP
C0506,Customer 1491,VIP
C0507,Customer 1492,Returning
C0508,Customer 1493,VIP
C0509,Customer 1494,Returning
C0510,Customer 1495,Returning
C0511,Customer 1496,Returning
C0512,Customer 1497,Returning
C0513,Customer 1498,Returning
C0514,Customer 1499,New
C0515,Customer 15,Returning
C0516,Customer 150,VIP
C0517,Customer 1500,Returning
C0518,Customer 1501,Returning
C0519,Customer 1502,VIP
C0520,Customer 1503,VIP
C0521,Customer 1504,VIP
C0522,Customer 1505,Returning
C0523,Customer 1506,Returning
C0524,Customer 1507,VIP
C0525,Customer 1508,Returning
C0526,Customer 1509,Returning
C0527,Customer 151,Returning
C0528,Customer 1510,New
C0529,Customer 1511,New
C0530,Customer 1512,New
C0531,Customer 1513,VIP
C0532,Customer 1514,New
C0533,Customer 1515,VIP
C0534,Customer 1516,New
C0535,Customer 1517,VIP
C0536,Customer 1518,Returning
C0537,Customer 1519,New
C0538,Customer 152,VIP
C0539,Customer 1521,Returning
C0540,Customer 1522,VIP
C0541,Customer 1523,VIP
C0542,Customer 1524,VIP
C0543,Customer 1526,Returning
C0544,Customer 1527,VIP
C0545,Customer 1528,VIP
C0546,Customer 1529,VIP
C0547,Customer 153,VIP
C0548,Customer 1530,VIP
C0549,Customer 1531,VIP
C0550,Customer 1532,Returning
C0551,Customer 1533,New
C0552,Customer 1534,Returning
C0553,Customer 1535,VIP
C0554,Customer 1536,Returning
C0555,Customer 1537,Returning
C0556,Customer 1538,Returning
C0557,Customer 1539,Returning
C0558,Customer 1540,VIP
C0559,Customer 1541,Returning
C0560,Customer 1542,New
C0561,Customer 1543,VIP
C0562,Customer 1544,Returning
C0563,Customer 1545,Returning
C0564,Customer 1546,VIP
C0565,Customer 1547,VIP
C0566,Customer 1548,New
C0567,Customer 1549,New
C0568,Customer 155,VIP
C0569,Customer 1550,Returning
C0570,Customer 1551,Returning
C0571,Customer 1552,VIP
C0572,Customer 1553,New
C0573,Customer 1554,New
C0574,Customer 1555,New
C0575,Customer 1556,New
C0576,Customer 1557,VIP
C0577,Customer 1558,Returning
C0578,Customer 156,New
C0579,Customer 1560,New
C0580,Customer 1561,Returning
C0581,Customer 1562,VIP
C0582,Customer 1563,VIP
C0583,Customer 1564,Returning
C0584,Customer 1565,VIP
C0585,Customer 1566,Returning
C0586,Customer 1567,VIP
C0587,Customer 1568,New
C0588,Customer 1569,Returning
C0589,Customer 157,VIP
C0590,Customer 1570,Returning
C0591,Customer 1571,New
C0592,Customer 1572,VIP
C0593,Customer 1573,VIP
C0594,Customer 1574,New
C0595,Customer 1575,Returning
C0596,Customer 1576,VIP
C0597,Customer 1577,Returning
C0598,Customer 1579,Returning
C0599,Customer 158,New
C0600,Customer 1580,VIP
C0601,Customer 1581,Returning
C0602,Customer 1582,Returning
C0603,Customer 1583,New
C0604,Customer 1584,New
C0605,Customer 1585,VIP
C0606,Customer 1586,New
C0607,Customer 1587,Returning
C0608,Customer 1588,Returning
C0609,Customer 1589,New
C0610,Customer 159,Returning
C0611,Customer 1590,New
C0612,Customer 1591,Returning
C0613,Customer 1592,New
C0614,Customer 1593,Returning
C0615,Customer 1594,VIP
C0616,Customer 1595,Returning
C0617,Customer 1596,Returning
C0618,Customer 1597,VIP
C0619,Customer 1598,New
C0620,Customer 1599,Returning
C0621,Customer 16,Returning
C0622,Customer 160,New
C0623,Customer 1600,Returning
C0624,Customer 1601,New
C0625,Customer 1602,VIP
C0626,Customer 1603,Returning
C0627,Customer 1604,VIP
C0628,Customer 1605,VIP
C0629,Customer 1606,VIP
C0630,Customer 1607,New
C0631,Customer 1608,VIP
C0632,Customer 1609,New
C0633,Customer 161,Returning
C0634,Customer 1610,New
C0635,Customer 1611,Returning
C0636,Customer 1612,Returning
C0637,Customer 1613,VIP
C0638,Customer 1614,New
C0639,Customer 1615,New
C0640,Customer 1616,VIP
C0641,Customer 1617,Returning
C0642,Customer 1618,VIP
C0643,Customer 1619,New
C0644,Customer 162,New
C0645,Customer 1620,Returning
C0646,Customer 1621,Returning
C0647,Customer 1622,New
C0648,Customer 1623,Returning
C0649,Customer 1624,Returning
C0650,Customer 1625,Returning
C0651,Customer 1626,New
C0652,Customer 1627,VIP
C0653,Customer 1628,VIP
C0654,Customer 1629,VIP
C0655,Customer 163,VIP
C0656,Customer 1630,VIP
C0657,Customer 1631,VIP
C0658,Customer 1632,New
C0659,Customer 1633,VIP
C0660,Customer 1634,New
C0661,Customer 1635,Returning
C0662,Customer 1636,New
C0663,Customer 1638,New
C0664,Customer 1639,Returning
C0665,Customer 164,New
C0666,Customer 1640,VIP
C0667,Customer 1641,New
C0668,Customer 1642,New
C0669,Customer 1643,New
C0670,Customer 1644,VIP
C0671,Customer 1645,New
C0672,Customer 1647,New
C0673,Customer 1648,VIP
C0674,Customer 1649,New
C0675,Customer 165,VIP
C0676,Customer 1650,VIP
C0677,Customer 1651,New
C0678,Customer 1652,VIP
C0679,Customer 1653,New
C0680,Customer 1654,New
C0681,Customer 1655,New
C0682,Customer 1656,VIP
C0683,Customer 1657,New
C0684,Customer 1658,VIP
C0685,Customer 1659,Returning
C0686,Customer 166,Returning
C0687,Customer 1660,Returning
C0688,Customer 1661,VIP
C0689,Customer 1662,Returning
C0690,Customer 1663,VIP
C0691,Customer 1664,Returning
C0692,Customer 1665,New
C0693,Customer 1666,New
C0694,Customer 1668,VIP
C0695,Customer 1669,Returning
C0696,Customer 167,VIP
C0697,Customer 1670,VIP
C0698,Customer 1671,VIP
C0699,Customer 1672,VIP
C0700,Customer 1673,Returning
C0701,Customer 1674,VIP
C0702,Customer 1675,New
C0703,Customer 1676,New
C0704,Customer 1677,VIP
C0705,Customer 1678,New
C0706,Customer 1679,New
C0707,Customer 168,VIP
C0708,Customer 1680,VIP
C0709,Customer 1681,New
C0710,Customer 1682,New
C0711,Customer 1683,New
C0712,Customer 1685,New
C0713,Customer 1686,New
C0714,Customer 1687,Returning
C0715,Customer 1688,New
C0716,Customer 1689,VIP
C0717,Customer 169,Returning
C0718,Customer 1690,New
C0719,Customer 1691,VIP
C0720,Customer 1692,New
C0721,Customer 1693,New
C0722,Customer 1694,VIP
C0723,Customer 1695,VIP
C0724,Customer 1696,New
C0725,Customer 1697,New
C0726,Customer 1698,Returning
C0727,Customer 1699,New
C0728,Customer 17,VIP
C0729,Customer 170,New
C0730,Customer 1700,VIP
C0731,Customer 1702,VIP
C0732,Customer 1703,Returning
C0733,Customer 1704,New
C0734,Customer 1705,Returning
C0735,Customer 1706,New
C0736,Customer 1707,Returning
C0737,Customer 1708,VIP
C0738,Customer 1709,VIP
C0739,Customer 171,VIP
C0740,Customer 1710,Returning
C0741,Customer 1711,VIP
C0742,Customer 1712,VIP
C0743,Customer 1713,VIP
C0744,Customer 1715,VIP
C0745,Customer 1716,New
C0746,Customer 1717,New
C0747,Customer 1718,New
C0748,Customer 1719,Returning
C0749,Customer 172,New
C0750,Customer 1720,New
C0751,Customer 1721,VIP
C0752,Customer 1722,New
C0753,Customer 1723,Returning
C0754,Customer 1724,New
C0755,Customer 1725,New
C0756,Customer 1726,Returning
C0757,Customer 1727,VIP
C0758,Customer 1728,VIP
C0759,Customer 1729,Returning
C0760,Customer 173,New
C0761,Customer 1730,Returning
C0762,Customer 1731,Returning
C0763,Customer 1732,Returning
C0764,Customer 1733,VIP
C0765,Customer 1734,New
C0766,Customer 1735,VIP
C0767,Customer 1736,Returning
C0768,Customer 1738,VIP
C0769,Customer 1739,Returning
C0770,Customer 174,Returning
C0771,Customer 1740,VIP
C0772,Customer 1741,New
C0773,Customer 1743,Returning
C0774,Customer 1744,VIP
C0775,Customer 1745,Returning
C0776,Customer 1746,Returning
C0777,Customer 1747,New
C0778,Customer 1748,VIP
C0779,Customer 1749,New
C0780,Customer 175,New
C0781,Customer 1750,VIP
C0782,Customer 1751,VIP
C0783,Customer 1752,New
C0784,Customer 1753,Returning
C0785,Customer 1754,New
C0786,Customer 1755,VIP
C0787,Customer 1756,Returning
C0788,Customer 1757,Returning
C0789,Customer 1758,Returning
C0790,Customer 1759,Returning
C0791,Customer 176,Returning
C0792,Customer 1760,New
C0793,Customer 1761,New
C0794,Customer 1762,New
C0795,Customer 1763,Returning
C0796,Customer 1764,New
C0797,Customer 1765,VIP
C0798,Customer 1766,Returning
C0799,Customer 1767,Returning
C0800,Customer 1768,New
C0801,Customer 1769,New
C0802,Customer 177,VIP
C0803,Customer 1770,VIP
C0804,Customer 1771,VIP
C0805,Customer 1772,Returning
C0806,Customer 1773,VIP
C0807,Customer 1774,Returning
C0808,Customer 1775,VIP
C0809,Customer 1776,New
C0810,Customer 1777,Returning
C0811,Customer 1778,New
C0812,Customer 1779,Returning
C0813,Customer 178,VIP
C0814,Customer 1780,VIP
C0815,Customer 1781,Returning
C0816,Customer 1782,Returning
C0817,Customer 1783,VIP
C0818,Customer 1784,VIP
C0819,Customer 1785,VIP
C0820,Customer 1786,Returning
C0821,Customer 1787,VIP
C0822,Customer 1788,VIP
C0823,Customer 1789,VIP
C0824,Customer 179,VIP
C0825,Customer 1790,New
C0826,Customer 1791,VIP
C0827,Customer 1792,VIP
C0828,Customer 1793,VIP
C0829,Customer 1794,New
C0830,Customer 1795,New
C0831,Customer 1796,Returning
C0832,Customer 1797,VIP
C0833,Customer 1798,Returning
C0834,Customer 18,Returning
C0835,Customer 180,New
C0836,Customer 1800,VIP
C0837,Customer 1801,Returning
C0838,Customer 1802,New
C0839,Customer 1803,Returning
C0840,Customer 1804,VIP
C0841,Customer 1805,VIP
C0842,Customer 1806,Returning
C0843,Customer 1807,VIP
C0844,Customer 1808,Returning
C0845,Customer 1809,VIP
C0846,Customer 181,VIP
C0847,Customer 1810,New
C0848,Customer 1811,VIP
C0849,Customer 1812,Returning
C0850,Customer 1813,VIP
C0851,Customer 1814,VIP
C0852,Customer 1815,Returning
C0853,Customer 1816,VIP
C0854,Customer 1817,Returning
C0855,Customer 1818,Returning
C0856,Customer 1819,VIP
C0857,Customer 182,New
C0858,Customer 1820,New
C0859,Customer 1821,New
C0860,Customer 1822,New
C0861,Customer 1823,New
C0862,Customer 1824,New
C0863,Customer 1825,Returning
C0864,Customer 1826,Returning
C0865,Customer 1827,VIP
C0866,Customer 1828,Returning
C0867,Customer 1829,New
C0868,Customer 183,Returning
C0869,Customer 1830,VIP
C0870,Customer 1831,New
C0871,Customer 1832,New
C0872,Customer 1833,VIP
C0873,Customer 1834,Returning
C0874,Customer 1835,New
C0875,Customer 1836,New
C0876,Customer 1837,VIP
C0877,Customer 1838,New
C0878,Customer 1839,New
C0879,Customer 1841,VIP
C0880,Customer 1842,New
C0881,Customer 1843,VIP
C0882,Customer 1844,New
C0883,Customer 1845,VIP
C0884,Customer 1846,New
C0885,Customer 1847,New
C0886,Customer 1848,Returning
C0887,Customer 1849,VIP
C0888,Customer 185,Returning
C0889,Customer 1850,Returning
C0890,Customer 1851,New
C0891,Customer 1852,VIP
C0892,Customer 1853,VIP
C0893,Customer 1854,VIP
C0894,Customer 1855,Returning
C0895,Customer 1856,VIP
C0896,Customer 1857,VIP
C0897,Customer 1858,New
C0898,Customer 1859,New
C0899,Customer 186,Returning
C0900,Customer 1860,VIP
C0901,Customer 1861,Returning
C0902,Customer 1864,VIP
C0903,Customer 1865,Returning
C0904,Customer 1867,VIP
C0905,Customer 1868,VIP
C0906,Customer 1869,New
C0907,Customer 187,Returning
C0908,Customer 1870,Returning
C0909,Customer 1871,Returning
C0910,Customer 1872,New
C0911,Customer 1874,New
C0912,Customer 1875,VIP
C0913,Customer 1876,New
C0914,Customer 1877,New
C0915,Customer 1878,VIP
C0916,Customer 188,VIP
C0917,Customer 1880,VIP
C0918,Customer 1881,Returning
C0919,Customer 1882,VIP
C0920,Customer 1883,VIP
C0921,Customer 1884,VIP
C0922,Customer 1885,New
C0923,Customer 1887,VIP
C0924,Customer 1888,New
C0925,Customer 1889,Returning
C0926,Customer 189,Returning
C0927,Customer 1890,VIP
C0928,Customer 1891,VIP
C0929,Customer 1892,Returning
C0930,Customer 1893,New
C0931,Customer 1894,New
C0932,Customer 1895,VIP
C0933,Customer 1896,New
C0934,Customer 1897,Returning
C0935,Customer 1898,New
C0936,Customer 1899,VIP
C0937,Customer 19,New
C0938,Customer 190,Returning
C0939,Customer 1900,VIP
C0940,Customer 1901,VIP
C0941,Customer 1902,New
C0942,Customer 1904,VIP
C0943,Customer 1906,Returning
C0944,Customer 1907,VIP
C0945,Customer 1908,VIP
C0946,Customer 1909,Returning
C0947,Customer 191,VIP
C0948,Customer 1910,VIP
C0949,Customer 1911,Returning
C0950,Customer 1912,VIP
C0951,Customer 1913,VIP
C0952,Customer 1914,New
C0953,Customer 1915,New
C0954,Customer 1916,New
C0955,Customer 1917,Returning
C0956,Customer 1918,VIP
C0957,Customer 192,New
C0958,Customer 1920,Returning
C0959,Customer 1921,VIP
C0960,Customer 1922,New
C0961,Customer 1923,Returning
C0962,Customer 1924,New
C0963,Customer 1925,Returning
C0964,Customer 1926,Returning
C0965,Customer 1927,New
C0966,Customer 1928,Returning
C0967,Customer 1929,Returning
C0968,Customer 193,VIP
C0969,Customer 1930,Returning
C0970,Customer 1931,New
C0971,Customer 1932,VIP
C0972,Customer 1933,Returning
C0973,Customer 1934,Returning
C0974,Customer 1935,VIP
C0975,Customer 1936,Returning
C0976,Customer 1937,Returning
C0977,Customer 1938,VIP
C0978,Customer 1939,VIP
C0979,Customer 194,New
C0980,Customer 1940,Returning
C0981,Customer 1941,Returning
C0982,Customer 1943,New
C0983,Customer 1944,VIP
C0984,Customer 1945,New
C0985,Customer 1946,New
C0986,Customer 1947,Returning
C0987,Customer 1948,Returning
C0988,Customer 1949,New
C0989,Customer 195,New
C0990,Customer 1950,New
C0991,Customer 1951,VIP
C0992,Customer 1952,New
C0993,Customer 1953,New
C0994,Customer 1954,New
C0995,Customer 1955,Returning
C0996,Customer 1958,VIP
C0997,Customer 1959,New
C0998,Customer 196,Returning
C0999,Customer 1960,VIP
C1000,Customer 1961,VIP
C1001,Customer 1962,Returning
C1002,Customer 1963,New
C1003,Customer 1964,Returning
C1004,Customer 1965,Returning
C1005,Customer 1966,Returning
C1006,Customer 1967,Returning
C1007,Customer 1968,New
C1008,Customer 1969,Returning
C1009,Customer 197,VIP
C1010,Customer 1970,VIP
C1011,Customer 1971,New
C1012,Customer 1972,VIP
C1013,Customer 1974,New
C1014,Customer 1975,New
C1015,Customer 1977,New
C1016,Customer 1978,Returning
C1017,Customer 1979,VIP
C1018,Customer 198,New
C1019,Customer 1980,New
C1020,Customer 1981,VIP
C1021,Customer 1982,Returning
C1022,Customer 1983,Returning
C1023,Customer 1984,Returning
C1024,Customer 1985,Returning
C1025,Customer 1987,VIP
C1026,Customer 1988,Returning
C1027,Customer 1989,VIP
C1028,Customer 199,New
C1029,Customer 1990,VIP
C1030,Customer 1991,VIP
C1031,Customer 1992,New
C1032,Customer 1993,Returning
C1033,Customer 1994,New
C1034,Customer 1995,VIP
C1035,Customer 1996,Returning
C1036,Customer 1998,VIP
C1037,Customer 1999,Returning
C1038,Customer 2,New
C1039,Customer 20,Returning
C1040,Customer 200,New
C1041,Customer 2000,Returning
C1042,Customer 2001,Returning
C1043,Customer 2002,VIP
C1044,Customer 2003,New
C1045,Customer 2004,VIP
C1046,Customer 2005,New
C1047,Customer 2006,New
C1048,Customer 2007,VIP
C1049,Customer 2009,VIP
C1050,Customer 201,VIP
C1051,Customer 2010,Returning
C1052,Customer 2011,VIP
C1053,Customer 2012,New
C1054,Customer 2013,VIP
C1055,Customer 2014,Returning
C1056,Customer 2016,Returning
C1057,Customer 2017,VIP
C1058,Customer 2018,VIP
C1059,Customer 2019,Returning
C1060,Customer 202,New
C1061,Customer 2020,Returning
C1062,Customer 2021,New
C1063,Customer 2022,New
C1064,Customer 2023,New
C1065,Customer 2024,Returning
C1066,Customer 2025,Returning
C1067,Customer 2026,New
C1068,Customer 2027,Returning
C1069,Customer 2028,Returning
C1070,Customer 2029,Returning
C1071,Customer 203,New
C1072,Customer 2030,New
C1073,Customer 2031,New
C1074,Customer 2032,New
C1075,Customer 2033,VIP
C1076,Customer 2034,Returning
C1077,Customer 2035,New
C1078,Customer 2036,New
C1079,Customer 2037,New
C1080,Customer 2038,VIP
C1081,Customer 2039,New
C1082,Customer 204,Returning
C1083,Customer 2040,New
C1084,Customer 2041,Returning
C1085,Customer 2042,New
C1086,Customer 2043,New
C1087,Customer 2044,VIP
C1088,Customer 2045,Returning
C1089,Customer 2046,New
C1090,Customer 2047,New
C1091,Customer 2048,VIP
C1092,Customer 2049,VIP
C1093,Customer 205,Returning
C1094,Customer 2050,Returning
C1095,Customer 2052,VIP
C1096,Customer 2053,VIP
C1097,Customer 2054,VIP
C1098,Customer 2055,New
C1099,Customer 2056,VIP
C1100,Customer 2057,New
C1101,Customer 2058,VIP
C1102,Customer 2059,VIP
C1103,Customer 206,VIP
C1104,Customer 2060,Returning
C1105,Customer 2061,New
C1106,Customer 2062,Returning
C1107,Customer 2063,VIP
C1108,Customer 2064,VIP
C1109,Customer 2065,VIP
C1110,Customer 2066,New
C1111,Customer 2067,New
C1112,Customer 2069,VIP
C1113,Customer 207,New
C1114,Customer 2070,Returning
C1115,Customer 2071,Returning
C1116,Customer 2072,New
C1117,Customer 2073,New
C1118,Customer 2074,Returning
C1119,Customer 2076,VIP
C1120,Customer 2077,VIP
C1121,Customer 2078,VIP
C1122,Customer 2079,Returning
C1123,Customer 208,New
C1124,Customer 2080,New
C1125,Customer 2081,VIP
C1126,Customer 2082,New
C1127,Customer 2083,New
C1128,Customer 2084,Returning
C1129,Customer 2085,Returning
C1130,Customer 2086,New
C1131,Customer 2088,VIP
C1132,Customer 2089,New
C1133,Customer 209,New
C1134,Customer 2090,New
C1135,Customer 2091,New
C1136,Customer 2092,VIP
C1137,Customer 2093,New
C1138,Customer 2094,VIP
C1139,Customer 2095,VIP
C1140,Customer 2096,Returning
C1141,Customer 2097,VIP
C1142,Customer 2098,VIP
C1143,Customer 2099,Returning
C1144,Customer 21,VIP
C1145,Customer 210,Returning
C1146,Customer 2100,Returning
C1147,Customer 2101,Returning
C1148,Customer 2102,VIP
C1149,Customer 2103,Returning
C1150,Customer 2105,VIP
C1151,Customer 2106,New
C1152,Customer 2107,VIP
C1153,Customer 2108,Returning
C1154,Customer 2109,Returning
C1155,Customer 211,VIP
C1156,Customer 2110,Returning
C1157,Customer 2111,New
C1158,Customer 2112,New
C1159,Customer 2113,New
C1160,Customer 2115,Returning
C1161,Customer 2116,New
C1162,Customer 2117,VIP
C1163,Customer 2118,VIP
C1164,Customer 2119,VIP
C1165,Customer 212,VIP
C1166,Customer 2120,Returning
C1167,Customer 2121,VIP
C1168,Customer 2122,VIP
C1169,Customer 2123,Returning
C1170,Customer 2124,VIP
C1171,Customer 2125,VIP
C1172,Customer 2126,New
C1173,Customer 2127,VIP
C1174,Customer 2128,New
C1175,Customer 2129,Returning
C1176,Customer 213,Returning
C1177,Customer 2130,VIP
C1178,Customer 2131,Returning
C1179,Customer 2133,Returning
C1180,Customer 2134,Returning
C1181,Customer 2135,VIP
C1182,Customer 2136,New
C1183,Customer 2137,New
C1184,Customer 2139,New
C1185,Customer 214,Returning
C1186,Customer 2140,New
C1187,Customer 2141,Returning
C1188,Customer 2142,VIP
C1189,Customer 2143,Returning
C1190,Customer 2144,VIP
C1191,Customer 2145,Returning
C1192,Customer 2146,Returning
C1193,Customer 2147,New
C1194,Customer 2148,Returning
C1195,Customer 2149,Returning
C1196,Customer 215,New
C1197,Customer 2150,New
C1198,Customer 2151,Returning
C1199,Customer 2152,VIP
C1200,Customer 2153,New
C1201,Customer 2154,New
C1202,Customer 2155,Returning
C1203,Customer 2156,Returning
C1204,Customer 2157,Returning
C1205,Customer 2158,VIP
C1206,Customer 2159,New
C1207,Customer 216,Returning
C1208,Customer 2160,New
C1209,Customer 2161,Returning
C1210,Customer 2163,VIP
C1211,Customer 2164,New
C1212,Customer 2165,New
C1213,Customer 2166,New
C1214,Customer 2167,New
C1215,Customer 2168,Returning
C1216,Customer 2169,New
C1217,Customer 217,Returning
C1218,Customer 2170,New
C1219,Customer 2171,VIP
C1220,Customer 2173,New
C1221,Customer 2174,VIP
C1222,Customer 2175,New
C1223,Customer 2176,VIP
C1224,Customer 2177,VIP
C1225,Customer 2178,New
C1226,Customer 2179,New
C1227,Customer 218,New
C1228,Customer 2180,New
C1229,Customer 2181,New
C1230,Customer 2182,New
C1231,Customer 2183,New
C1232,Customer 2184,Returning
C1233,Customer 2185,Returning
C1234,Customer 2186,Returning
C1235,Customer 2187,New
C1236,Customer 2188,Returning
C1237,Customer 219,Returning
C1238,Customer 2190,New
C1239,Customer 2191,Returning
C1240,Customer 2192,New
C1241,Customer 2194,New
C1242,Customer 2195,VIP
C1243,Customer 2196,New
C1244,Customer 2197,Returning
C1245,Customer 2198,Returning
C1246,Customer 2199,VIP
C1247,Customer 22,VIP
C1248,Customer 220,New
C1249,Customer 2200,Returning
C1250,Customer 2201,New
C1251,Customer 2202,New
C1252,Customer 2203,New
C1253,Customer 2204,Returning
C1254,Customer 2205,Returning
C1255,Customer 2207,New
C1256,Customer 2208,New
C1257,Customer 2209,New
C1258,Customer 221,Returning
C1259,Customer 2210,Returning
C1260,Customer 2211,VIP
C1261,Customer 2212,VIP
C1262,Customer 2213,Returning
C1263,Customer 2214,New
C1264,Customer 2215,New
C1265,Customer 2216,Returning
C1266,Customer 2217,New
C1267,Customer 2218,VIP
C1268,Customer 2219,New
C1269,Customer 222,New
C1270,Customer 2220,New
C1271,Customer 2221,New
C1272,Customer 2222,New
C1273,Customer 2223,Returning
C1274,Customer 2224,Returning
C1275,Customer 2225,New
C1276,Customer 2226,New
C1277,Customer 2227,Returning
C1278,Customer 2228,New
C1279,Customer 2229,New
C1280,Customer 223,New
C1281,Customer 2230,VIP
C1282,Customer 2231,VIP
C1283,Customer 2232,Returning
C1284,Customer 2233,New
C1285,Customer 2234,Returning
C1286,Customer 2235,New
C1287,Customer 2236,New
C1288,Customer 2237,Returning
C1289,Customer 2238,New
C1290,Customer 2239,VIP
C1291,Customer 224,New
C1292,Customer 2240,New
C1293,Customer 2241,Returning
C1294,Customer 2242,New
C1295,Customer 2243,New
C1296,Customer 2244,New
C1297,Customer 2245,Returning
C1298,Customer 2247,Returning
C1299,Customer 2248,VIP
C1300,Customer 2249,VIP
C1301,Customer 225,Returning
C1302,Customer 2250,New
C1303,Customer 2251,New
C1304,Customer 2252,Returning
C1305,Customer 2253,New
C1306,Customer 2255,New
C1307,Customer 2256,Returning
C1308,Customer 2257,Returning
C1309,Customer 2258,Returning
C1310,Customer 2259,Returning
C1311,Customer 226,Returning
C1312,Customer 2260,Returning
C1313,Customer 2261,VIP
C1314,Customer 2262,Returning
C1315,Customer 2263,VIP
C1316,Customer 2264,Returning
C1317,Customer 2265,New
C1318,Customer 2266,New
C1319,Customer 2267,Returning
C1320,Customer 2268,New
C1321,Customer 2269,New
C1322,Customer 227,Returning
C1323,Customer 2270,Returning
C1324,Customer 2271,VIP
C1325,Customer 2272,New
C1326,Customer 2273,VIP
C1327,Customer 2274,New
C1328,Customer 2275,New
C1329,Customer 2276,VIP
C1330,Customer 2278,Returning
C1331,Customer 2279,New
C1332,Customer 228,New
C1333,Customer 2280,New
C1334,Customer 2281,Returning
C1335,Customer 2282,VIP
C1336,Customer 2283,Returning
C1337,Customer 2284,New
C1338,Customer 2285,New
C1339,Customer 2286,New
C1340,Customer 2287,VIP
C1341,Customer 2288,New
C1342,Customer 2289,Returning
C1343,Customer 229,Returning
C1344,Customer 2290,Returning
C1345,Customer 2291,New
C1346,Customer 2292,VIP
C1347,Customer 2293,New
C1348,Customer 2294,Returning
C1349,Customer 2295,Returning
C1350,Customer 2297,New
C1351,Customer 2298,Returning
C1352,Customer 2299,VIP
C1353,Customer 23,New
C1354,Customer 230,Returning
C1355,Customer 2301,VIP
C1356,Customer 2302,Returning
C1357,Customer 2303,VIP
C1358,Customer 2304,New
C1359,Customer 2305,Returning
C1360,Customer 2307,New
C1361,Customer 2308,Returning
C1362,Customer 2309,Returning
C1363,Customer 231,VIP
C1364,Customer 2310,Returning
C1365,Customer 2311,Returning
C1366,Customer 2312,VIP
C1367,Customer 2313,New
C1368,Customer 2314,New
C1369,Customer 2315,VIP
C1370,Customer 2316,Returning
C1371,Customer 2317,New
C1372,Customer 2318,Returning
C1373,Customer 2319,New
C1374,Customer 232,Returning
C1375,Customer 2320,New
C1376,Customer 2321,Returning
C1377,Customer 2325,VIP
C1378,Customer 2326,New
C1379,Customer 2327,Returning
C1380,Customer 2328,New
C1381,Customer 2329,New
C1382,Customer 233,Returning
C1383,Customer 2330,New
C1384,Customer 2332,Returning
C1385,Customer 2334,New
C1386,Customer 2335,New
C1387,Customer 2336,Returning
C1388,Customer 2337,VIP
C1389,Customer 2338,VIP
C1390,Customer 2339,VIP
C1391,Customer 234,Returning
C1392,Customer 2340,Returning
C1393,Customer 2341,Returning
C1394,Customer 2342,New
C1395,Customer 2343,Returning
C1396,Customer 2344,New
C1397,Customer 2345,VIP
C1398,Customer 235,VIP
C1399,Customer 236,Returning
C1400,Customer 237,Returning
C1401,Customer 238,Returning
C1402,Customer 239,Returning
C1403,Customer 24,Returning
C1404,Customer 240,New
C1405,Customer 241,Returning
C1406,Customer 242,VIP
C1407,Customer 243,VIP
C1408,Customer 244,New
C1409,Customer 245,Returning
C1410,Customer 246,New
C1411,Customer 247,Returning
C1412,Customer 248,VIP
C1413,Customer 249,New
C1414,Customer 250,VIP
C1415,Customer 251,New
C1416,Customer 252,Returning
C1417,Customer 253,Returning
C1418,Customer 254,Returning
C1419,Customer 256,VIP
C1420,Customer 257,Returning
C1421,Customer 258,New
C1422,Customer 259,Returning
C1423,Customer 26,VIP
C1424,Customer 260,VIP
C1425,Customer 261,Returning
C1426,Customer 262,VIP
C1427,Customer 264,Returning
C1428,Customer 265,Returning
C1429,Customer 266,Returning
C1430,Customer 267,VIP
C1431,Customer 268,New
C1432,Customer 269,VIP
C1433,Customer 27,Returning
C1434,Customer 270,Returning
C1435,Customer 271,Returning
C1436,Customer 272,New
C1437,Customer 274,VIP
C1438,Customer 275,Returning
C1439,Customer 276,New
C1440,Customer 277,VIP
C1441,Customer 278,New
C1442,Customer 279,Returning
C1443,Customer 28,New
C1444,Customer 280,Returning
C1445,Customer 281,VIP
C1446,Customer 282,Returning
C1447,Customer 283,VIP
C1448,Customer 284,VIP
C1449,Customer 286,VIP
C1450,Customer 287,VIP
C1451,Customer 288,New
C1452,Customer 289,VIP
C1453,Customer 29,VIP
C1454,Customer 290,New
C1455,Customer 291,VIP
C1456,Customer 292,New
C1457,Customer 293,Returning
C1458,Customer 294,New
C1459,Customer 295,VIP
C1460,Customer 296,VIP
C1461,Customer 297,Returning
C1462,Customer 299,VIP
C1463,Customer 3,New
C1464,Customer 30,Returning
C1465,Customer 300,VIP
C1466,Customer 301,New
C1467,Customer 303,VIP
C1468,Customer 304,Returning
C1469,Customer 305,VIP
C1470,Customer 306,Returning
C1471,Customer 307,VIP
C1472,Customer 308,New
C1473,Customer 309,New
C1474,Customer 31,VIP
C1475,Customer 310,VIP
C1476,Customer 311,Returning
C1477,Customer 312,Returning
C1478,Customer 313,New
C1479,Customer 314,New
C1480,Customer 316,VIP
C1481,Customer 317,New
C1482,Customer 318,Returning
C1483,Customer 319,New
C1484,Customer 32,VIP
C1485,Customer 321,Returning
C1486,Customer 322,Returning
C1487,Customer 324,Returning
C1488,Customer 325,Returning
C1489,Customer 326,VIP
C1490,Customer 328,VIP
C1491,Customer 329,New
C1492,Customer 330,New
C1493,Customer 331,New
C1494,Customer 333,Returning
C1495,Customer 334,New
C1496,Customer 336,Returning
C1497,Customer 337,Returning
C1498,Customer 338,Returning
C1499,Customer 339,New
C1500,Customer 34,Returning
C1501,Customer 340,VIP
C1502,Customer 341,VIP
C1503,Customer 342,VIP
C1504,Customer 343,VIP
C1505,Customer 344,VIP
C1506,Customer 345,Returning
C1507,Customer 346,VIP
C1508,Customer 347,VIP
C1509,Customer 348,VIP
C1510,Customer 349,New
C1511,Customer 35,New
C1512,Customer 351,VIP
C1513,Customer 352,Returning
C1514,Customer 353,VIP
C1515,Customer 354,VIP
C1516,Customer 355,New
C1517,Customer 356,VIP
C1518,Customer 357,VIP
C1519,Customer 358,VIP
C1520,Customer 359,VIP
C1521,Customer 36,VIP
C1522,Customer 360,Returning
C1523,Customer 361,New
C1524,Customer 362,New
C1525,Customer 363,Returning
C1526,Customer 364,New
C1527,Customer 365,Returning
C1528,Customer 366,VIP
C1529,Customer 367,VIP
C1530,Customer 368,New
C1531,Customer 369,Returning
C1532,Customer 37,VIP
C1533,Customer 371,Returning
C1534,Customer 372,New
C1535,Customer 373,Returning
C1536,Customer 374,New
C1537,Customer 375,VIP
C1538,Customer 376,New
C1539,Customer 377,New
C1540,Customer 378,VIP
C1541,Customer 379,Returning
C1542,Customer 38,New
C1543,Customer 381,New
C1544,Customer 382,Returning
C1545,Customer 383,Returning
C1546,Customer 384,Returning
C1547,Customer 385,VIP
C1548,Customer 386,VIP
C1549,Customer 388,Returning
C1550,Customer 389,New
C1551,Customer 39,VIP
C1552,Customer 390,Returning
C1553,Customer 392,VIP
C1554,Customer 393,New
C1555,Customer 394,Returning
C1556,Customer 395,VIP
C1557,Customer 396,Returning
C1558,Customer 397,Returning
C1559,Customer 398,VIP
C1560,Customer 4,VIP
C1561,Customer 40,New
C1562,Customer 400,New
C1563,Customer 401,New
C1564,Customer 402,New
C1565,Customer 403,New
C1566,Customer 404,Returning
C1567,Customer 406,VIP
C1568,Customer 407,New
C1569,Customer 408,VIP
C1570,Customer 409,New
C1571,Customer 410,VIP
C1572,Customer 411,Returning
C1573,Customer 412,New
C1574,Customer 413,New
C1575,Customer 414,VIP
C1576,Customer 415,New
C1577,Customer 416,VIP
C1578,Customer 417,New
C1579,Customer 418,New
C1580,Customer 419,VIP
C1581,Customer 42,Returning
C1582,Customer 420,Returning
C1583,Customer 421,VIP
C1584,Customer 422,VIP
C1585,Customer 423,Returning
C1586,Customer 424,Returning
C1587,Customer 425,New
C1588,Customer 426,New
C1589,Customer 427,Returning
C1590,Customer 428,Returning
C1591,Customer 429,VIP
C1592,Customer 43,Returning
C1593,Customer 430,New
C1594,Customer 431,Returning
C1595,Customer 432,VIP
C1596,Customer 434,VIP
C1597,Customer 435,New
C1598,Customer 436,New
C1599,Customer 437,Returning
C1600,Customer 438,VIP
C1601,Customer 439,Returning
C1602,Customer 44,Returning
C1603,Customer 440,VIP
C1604,Customer 441,VIP
C1605,Customer 442,VIP
C1606,Customer 443,Returning
C1607,Customer 444,Returning
C1608,Customer 445,VIP
C1609,Customer 446,Returning
C1610,Customer 447,Returning
C1611,Customer 448,Returning
C1612,Customer 449,Returning
C1613,Customer 45,VIP
C1614,Customer 450,VIP
C1615,Customer 451,Returning
C1616,Customer 452,VIP
C1617,Customer 453,Returning
C1618,Customer 455,VIP
C1619,Customer 456,Returning
C1620,Customer 458,VIP
C1621,Customer 459,VIP
C1622,Customer 46,Returning
C1623,Customer 460,VIP
C1624,Customer 461,Returning
C1625,Customer 462,New
C1626,Customer 463,VIP
C1627,Customer 464,Returning
C1628,Customer 466,VIP
C1629,Customer 468,VIP
C1630,Customer 469,Returning
C1631,Customer 47,Returning
C1632,Customer 470,New
C1633,Customer 471,Returning
C1634,Customer 472,VIP
C1635,Customer 473,Returning
C1636,Customer 475,New
C1637,Customer 476,New
C1638,Customer 477,Returning
C1639,Customer 478,New
C1640,Customer 479,Returning
C1641,Customer 48,New
C1642,Customer 480,New
C1643,Customer 481,Returning
C1644,Customer 482,Returning
C1645,Customer 483,VIP
C1646,Customer 484,Returning
C1647,Customer 485,Returning
C1648,Customer 486,Returning
C1649,Customer 487,VIP
C1650,Customer 488,Returning
C1651,Customer 489,VIP
C1652,Customer 49,VIP
C1653,Customer 492,Returning
C1654,Customer 493,New
C1655,Customer 494,Returning
C1656,Customer 495,New
C1657,Customer 496,Returning
C1658,Customer 497,New
C1659,Customer 498,Returning
C1660,Customer 499,Returning
C1661,Customer 5,VIP
C1662,Customer 50,VIP
C1663,Customer 500,New
C1664,Customer 501,Returning
C1665,Customer 502,VIP
C1666,Customer 503,VIP
C1667,Customer 504,VIP
C1668,Customer 505,New
C1669,Customer 506,New
C1670,Customer 507,New
C1671,Customer 508,VIP
C1672,Customer 509,VIP
C1673,Customer 51,New
C1674,Customer 510,Returning
C1675,Customer 511,Returning
C1676,Customer 512,VIP
C1677,Customer 513,New
C1678,Customer 514,VIP
C1679,Customer 515,VIP
C1680,Customer 516,Returning
C1681,Customer 517,Returning
C1682,Customer 518,New
C1683,Customer 519,Returning
C1684,Customer 52,VIP
C1685,Customer 520,New
C1686,Customer 521,VIP
C1687,Customer 522,New
C1688,Customer 523,VIP
C1689,Customer 524,VIP
C1690,Customer 525,VIP
C1691,Customer 526,VIP
C1692,Customer 527,Returning
C1693,Customer 528,New
C1694,Customer 529,New
C1695,Customer 531,Returning
C1696,Customer 533,VIP
C1697,Customer 534,New
C1698,Customer 535,Returning
C1699,Customer 536,Returning
C1700,Customer 537,Returning
C1701,Customer 538,New
C1702,Customer 539,New
C1703,Customer 54,Returning
C1704,Customer 540,VIP
C1705,Customer 541,New
C1706,Customer 542,VIP
C1707,Customer 543,New
C1708,Customer 544,VIP
C1709,Customer 545,VIP
C1710,Customer 546,VIP
C1711,Customer 547,Returning
C1712,Customer 548,Returning
C1713,Customer 549,VIP
C1714,Customer 55,Returning
C1715,Customer 550,New
C1716,Customer 551,New
C1717,Customer 552,New
C1718,Customer 553,VIP
C1719,Customer 554,New
C1720,Customer 555,VIP
C1721,Customer 556,New
C1722,Customer 557,Returning
C1723,Customer 558,VIP
C1724,Customer 559,Returning
C1725,Customer 56,Returning
C1726,Customer 560,New
C1727,Customer 561,Returning
C1728,Customer 562,Returning
C1729,Customer 563,VIP
C1730,Customer 564,New
C1731,Customer 565,VIP
C1732,Customer 566,New
C1733,Customer 567,Returning
C1734,Customer 568,Returning
C1735,Customer 569,New
C1736,Customer 57,New
C1737,Customer 573,Returning
C1738,Customer 574,Returning
C1739,Customer 575,VIP
C1740,Customer 576,New
C1741,Customer 577,Returning
C1742,Customer 578,Returning
C1743,Customer 579,Returning
C1744,Customer 58,New
C1745,Customer 580,VIP
C1746,Customer 581,New
C1747,Customer 582,New
C1748,Customer 583,VIP
C1749,Customer 585,Returning
C1750,Customer 586,Returning
C1751,Customer 587,VIP
C1752,Customer 588,Returning
C1753,Customer 589,New
C1754,Customer 59,New
C1755,Customer 590,VIP
C1756,Customer 591,New
C1757,Customer 592,VIP
C1758,Customer 593,New
C1759,Customer 594,VIP
C1760,Customer 595,Returning
C1761,Customer 596,Returning
C1762,Customer 597,VIP
C1763,Customer 598,New
C1764,Customer 6,New
C1765,Customer 60,VIP
C1766,Customer 600,Returning
C1767,Customer 601,VIP
C1768,Customer 602,New
C1769,Customer 603,New
C1770,Customer 605,New
C1771,Customer 606,New
C1772,Customer 607,VIP
C1773,Customer 608,VIP
C1774,Customer 609,Returning
C1775,Customer 61,New
C1776,Customer 610,New
C1777,Customer 611,New
C1778,Customer 612,Returning
C1779,Customer 613,VIP
C1780,Customer 614,Returning
C1781,Customer 617,VIP
C1782,Customer 618,VIP
C1783,Customer 619,VIP
C1784,Customer 62,Returning
C1785,Customer 620,Returning
C1786,Customer 621,VIP
C1787,Customer 622,VIP
C1788,Customer 623,New
C1789,Customer 624,Returning
C1790,Customer 626,VIP
C1791,Customer 627,Returning
C1792,Customer 628,New
C1793,Customer 629,New
C1794,Customer 630,VIP
C1795,Customer 631,New
C1796,Customer 632,VIP
C1797,Customer 633,VIP
C1798,Customer 634,VIP
C1799,Customer 635,New
C1800,Customer 636,VIP
C1801,Customer 637,Returning
C1802,Customer 638,New
C1803,Customer 639,VIP
C1804,Customer 64,New
C1805,Customer 640,Returning
C1806,Customer 641,VIP
C1807,Customer 642,Returning
C1808,Customer 643,New
C1809,Customer 644,Returning
C1810,Customer 645,New
C1811,Customer 646,VIP
C1812,Customer 647,VIP
C1813,Customer 648,Returning
C1814,Customer 651,Returning
C1815,Customer 652,New
C1816,Customer 653,VIP
C1817,Customer 654,Returning
C1818,Customer 656,New
C1819,Customer 657,New
C1820,Customer 658,Returning
C1821,Customer 659,New
C1822,Customer 660,VIP
C1823,Customer 661,Returning
C1824,Customer 662,New
C1825,Customer 663,New
C1826,Customer 665,VIP
C1827,Customer 666,New
C1828,Customer 667,Returning
C1829,Customer 668,Returning
C1830,Customer 669,New
C1831,Customer 67,Returning
C1832,Customer 670,Returning
C1833,Customer 671,New
C1834,Customer 672,Returning
C1835,Customer 673,New
C1836,Customer 675,New
C1837,Customer 676,New
C1838,Customer 677,VIP
C1839,Customer 68,VIP
C1840,Customer 680,VIP
C1841,Customer 681,VIP
C1842,Customer 682,New
C1843,Customer 683,Returning
C1844,Customer 685,Returning
C1845,Customer 686,New
C1846,Customer 687,VIP
C1847,Customer 688,VIP
C1848,Customer 689,New
C1849,Customer 69,VIP
C1850,Customer 690,Returning
C1851,Customer 691,VIP
C1852,Customer 692,New
C1853,Customer 693,VIP
C1854,Customer 694,New
C1855,Customer 695,New
C1856,Customer 696,Returning
C1857,Customer 697,New
C1858,Customer 698,New
C1859,Customer 699,New
C1860,Customer 7,VIP
C1861,Customer 700,New
C1862,Customer 701,New
C1863,Customer 702,VIP
C1864,Customer 703,New
C1865,Customer 704,New
C1866,Customer 705,Returning
C1867,Customer 706,New
C1868,Customer 708,Returning
C1869,Customer 71,Returning
C1870,Customer 711,Returning
C1871,Customer 712,VIP
C1872,Customer 713,Returning
C1873,Customer 714,Returning
C1874,Customer 716,VIP
C1875,Customer 717,Returning
C1876,Customer 718,Returning
C1877,Customer 719,Returning
C1878,Customer 72,VIP
C1879,Customer 721,New
C1880,Customer 722,New
C1881,Customer 723,Returning
C1882,Customer 724,Returning
C1883,Customer 726,New
C1884,Customer 728,VIP
C1885,Customer 729,VIP
C1886,Customer 73,VIP
C1887,Customer 730,VIP
C1888,Customer 731,Returning
C1889,Customer 732,VIP
C1890,Customer 733,VIP
C1891,Customer 734,Returning
C1892,Customer 735,VIP
C1893,Customer 736,Returning
C1894,Customer 737,VIP
C1895,Customer 738,VIP
C1896,Customer 739,VIP
C1897,Customer 74,Returning
C1898,Customer 740,Returning
C1899,Customer 741,VIP
C1900,Customer 742,VIP
C1901,Customer 743,Returning
C1902,Customer 744,VIP
C1903,Customer 745,VIP
C1904,Customer 746,Returning
C1905,Customer 747,New
C1906,Customer 748,Returning
C1907,Customer 749,VIP
C1908,Customer 75,VIP
C1909,Customer 750,New
C1910,Customer 751,New
C1911,Customer 752,VIP
C1912,Customer 753,Returning
C1913,Customer 754,VIP
C1914,Customer 756,New
C1915,Customer 758,VIP
C1916,Customer 759,New
C1917,Customer 760,New
C1918,Customer 761,New
C1919,Customer 762,VIP
C1920,Customer 763,VIP
C1921,Customer 765,Returning
C1922,Customer 766,New
C1923,Customer 767,Returning
C1924,Customer 768,New
C1925,Customer 769,VIP
C1926,Customer 77,VIP
C1927,Customer 770,New
C1928,Customer 771,VIP
C1929,Customer 772,Returning
C1930,Customer 774,Returning
C1931,Customer 775,New
C1932,Customer 776,Returning
C1933,Customer 777,Returning
C1934,Customer 778,VIP
C1935,Customer 779,New
C1936,Customer 78,New
C1937,Customer 780,VIP
C1938,Customer 781,Returning
C1939,Customer 782,New
C1940,Customer 783,New
C1941,Customer 784,Returning
C1942,Customer 785,New
C1943,Customer 787,New
C1944,Customer 788,Returning
C1945,Customer 789,Returning
C1946,Customer 79,New
C1947,Customer 790,Returning
C1948,Customer 791,Returning
C1949,Customer 792,New
C1950,Customer 793,New
C1951,Customer 794,Returning
C1952,Customer 795,New
C1953,Customer 796,New
C1954,Customer 797,VIP
C1955,Customer 798,Returning
C1956,Customer 799,VIP
C1957,Customer 8,New
C1958,Customer 802,VIP
C1959,Customer 803,VIP
C1960,Customer 804,New
C1961,Customer 805,New
C1962,Customer 806,Returning
C1963,Customer 807,VIP
C1964,Customer 808,New
C1965,Customer 809,VIP
C1966,Customer 81,Returning
C1967,Customer 810,New
C1968,Customer 811,New
C1969,Customer 812,New
C1970,Customer 813,VIP
C1971,Customer 814,Returning
C1972,Customer 815,New
C1973,Customer 816,New
C1974,Customer 817,VIP
C1975,Customer 818,New
C1976,Customer 819,New
C1977,Customer 82,Returning
C1978,Customer 820,New
C1979,Customer 821,New
C1980,Customer 822,VIP
C1981,Customer 823,VIP
C1982,Customer 824,Returning
C1983,Customer 825,Returning
C1984,Customer 826,New
C1985,Customer 827,New
C1986,Customer 828,VIP
C1987,Customer 829,VIP
C1988,Customer 83,New
C1989,Customer 830,Returning
C1990,Customer 831,Returning
C1991,Customer 832,Returning
C1992,Customer 833,VIP
C1993,Customer 834,VIP
C1994,Customer 835,Returning
C1995,Customer 837,VIP
C1996,Customer 838,Returning
C1997,Customer 839,New
C1998,Customer 84,New
C1999,Customer 840,New
C2000,Customer 841,VIP
C2001,Customer 842,VIP
C2002,Customer 843,New
C2003,Customer 844,VIP
C2004,Customer 845,New
C2005,Customer 846,VIP
C2006,Customer 847,New
C2007,Customer 848,New
C2008,Customer 849,VIP
C2009,Customer 85,New
C2010,Customer 850,VIP
C2011,Customer 851,VIP
C2012,Customer 852,New
C2013,Customer 853,VIP
C2014,Customer 854,New
C2015,Customer 855,Returning
C2016,Customer 856,Returning
C2017,Customer 857,Returning
C2018,Customer 858,New
C2019,Customer 859,VIP
C2020,Customer 86,Returning
C2021,Customer 860,New
C2022,Customer 861,New
C2023,Customer 862,New
C2024,Customer 863,VIP
C2025,Customer 864,VIP
C2026,Customer 865,New
C2027,Customer 866,Returning
C2028,Customer 867,VIP
C2029,Customer 868,Returning
C2030,Customer 869,Returning
C2031,Customer 87,Returning
C2032,Customer 870,Returning
C2033,Customer 871,New
C2034,Customer 872,VIP
C2035,Customer 874,VIP
C2036,Customer 875,VIP
C2037,Customer 876,VIP
C2038,Customer 877,Returning
C2039,Customer 878,Returning
C2040,Customer 88,VIP
C2041,Customer 880,Returning
C2042,Customer 881,Returning
C2043,Customer 882,New
C2044,Customer 883,New
C2045,Customer 885,VIP
C2046,Customer 886,New
C2047,Customer 888,Returning
C2048,Customer 889,Returning
C2049,Customer 89,VIP
C2050,Customer 890,VIP
C2051,Customer 891,VIP
C2052,Customer 892,VIP
C2053,Customer 893,Returning
C2054,Customer 894,Returning
C2055,Customer 895,Returning
C2056,Customer 896,VIP
C2057,Customer 897,VIP
C2058,Customer 898,New
C2059,Customer 899,VIP
C2060,Customer 9,New
C2061,Customer 900,Returning
C2062,Customer 901,New
C2063,Customer 902,New
C2064,Customer 904,Returning
C2065,Customer 905,VIP
C2066,Customer 906,New
C2067,Customer 907,VIP
C2068,Customer 908,Returning
C2069,Customer 909,VIP
C2070,Customer 91,Returning
C2071,Customer 910,Returning
C2072,Customer 911,Returning
C2073,Customer 912,Returning
C2074,Customer 913,VIP
C2075,Customer 914,VIP
C2076,Customer 915,New
C2077,Customer 916,Returning
C2078,Customer 917,New
C2079,Customer 918,New
C2080,Customer 919,New
C2081,Customer 920,VIP
C2082,Customer 921,Returning
C2083,Customer 922,New
C2084,Customer 923,Returning
C2085,Customer 924,New
C2086,Customer 925,New
C2087,Customer 927,New
C2088,Customer 928,Returning
C2089,Customer 929,Returning
C2090,Customer 93,New
C2091,Customer 930,Returning
C2092,Customer 931,Returning
C2093,Customer 932,Returning
C2094,Customer 933,Returning
C2095,Customer 934,Returning
C2096,Customer 935,Returning
C2097,Customer 936,Returning
C2098,Customer 937,New
C2099,Customer 938,VIP
C2100,Customer 939,VIP
C2101,Customer 94,New
C2102,Customer 940,VIP
C2103,Customer 942,VIP
C2104,Customer 943,New
C2105,Customer 944,Returning
C2106,Customer 945,VIP
C2107,Customer 947,VIP
C2108,Customer 948,VIP
C2109,Customer 95,VIP
C2110,Customer 950,New
C2111,Customer 951,New
C2112,Customer 952,VIP
C2113,Customer 953,New
C2114,Customer 954,New
C2115,Customer 955,Returning
C2116,Customer 956,VIP
C2117,Customer 957,Returning
C2118,Customer 958,Returning
C2119,Customer 959,Returning
C2120,Customer 96,VIP
C2121,Customer 960,Returning
C2122,Customer 961,VIP
C2123,Customer 963,New
C2124,Customer 964,VIP
C2125,Customer 966,New
C2126,Customer 967,Returning
C2127,Customer 968,New
C2128,Customer 969,VIP
C2129,Customer 97,Returning
C2130,Customer 970,Returning
C2131,Customer 971,Returning
C2132,Customer 972,Returning
C2133,Customer 973,VIP
C2134,Customer 974,Returning
C2135,Customer 975,Returning
C2136,Customer 976,New
C2137,Customer 977,Returning
C2138,Customer 979,Returning
C2139,Customer 98,Returning
C2140,Customer 980,VIP
C2141,Customer 981,New
C2142,Customer 982,Returning
C2143,Customer 983,Returning
C2144,Customer 984,Returning
C2145,Customer 985,VIP
C2146,Customer 986,VIP
C2147,Customer 987,New
C2148,Customer 988,Returning
C2149,Customer 989,VIP
C2150,Customer 99,New
C2151,Customer 990,New
C2152,Customer 991,New
C2153,Customer 992,New
C2154,Customer 993,New
C2155,Customer 994,Returning
C2156,Customer 995,Returning
C2157,Customer 996,VIP
C2158,Customer 997,VIP
C2159,Customer 998,VIP
C2160,Customer 999,Returning
